window,hours,load
3,0.25,2278.3026896913166
4,0.3333333333333333,2259.7617332436635
5,0.4166666666666667,2891.5599645952598
6,0.5,2677.7173735880865
7,0.5833333333333334,2986.7445642947678
8,0.6666666666666666,2619.257811577489
9,0.75,2243.6501153485633
10,0.8333333333333334,2297.50567209486
11,0.9166666666666666,2489.85518863741
12,1.0,2692.19115366755
13,1.0833333333333333,2537.1418261568865
14,1.1666666666666667,2480.850940262503
15,1.25,2330.1045982354335
16,1.3333333333333333,2240.8734667396534
17,1.4166666666666667,2073.0500011699332
18,1.5,1975.7980327039093
19,1.5833333333333333,2012.3064874983947
20,1.6666666666666667,2020.2855588521934
21,1.75,1954.9023141759899
22,1.8333333333333333,2079.024784251467
23,1.9166666666666667,2210.9825548644435
24,2.0,2166.2643272780165
25,2.0833333333333335,2135.0716956881
26,2.1666666666666665,2248.526598267393
27,2.25,2286.688308165327
28,2.3333333333333335,2291.6921172093566
29,2.4166666666666665,2127.2666179134712
30,2.5,2097.1529041869967
31,2.5833333333333335,2087.9502654625967
32,2.6666666666666665,2096.91175526654
33,2.75,2029.3067136454133
34,2.8333333333333335,2014.13537894302
35,2.9166666666666665,2149.45356005523
36,3.0,2267.2343508480167
37,3.0833333333333335,2141.5405443715936
38,3.1666666666666665,2178.5062028779084
39,3.25,2192.7156410446664
40,3.3333333333333335,2172.436943918033
41,3.4166666666666665,2162.558590303813
42,3.5,2204.6560215200784
43,3.5833333333333335,2161.5008470786565
44,3.6666666666666665,2116.3513012589483
45,3.75,2099.3601759058465
46,3.8333333333333335,2144.558898351103
47,3.9166666666666665,2101.0680770523095
48,4.0,2145.501453203077
49,4.083333333333333,2058.0747572639034
50,4.166666666666667,2119.64233552989
51,4.25,2099.3093050797565
52,4.333333333333333,1994.9708361318633
53,4.416666666666667,2184.0626006699567
54,4.5,2077.738733062023
55,4.583333333333333,2142.4195507107565
56,4.666666666666667,2106.9252696080825
57,4.75,2030.6552943618833
58,4.833333333333333,1983.2179682580434
59,4.916666666666667,2007.2536229209168
60,5.0,2042.3078785418334
61,5.083333333333333,2092.31664359078
62,5.166666666666667,2086.586274390463
63,5.25,2052.23717577031
64,5.333333333333333,2215.76201074854
65,5.416666666666667,2035.0658071793932
66,5.5,2117.659775024805
67,5.583333333333333,2043.632318835399
68,5.666666666666667,2153.31322777251
69,5.75,2102.888266446577
70,5.833333333333333,2047.0333304440267
71,5.916666666666667,1952.9123805017766
72,6.0,2049.9183673511334
73,6.083333333333333,2067.4771321948133
74,6.166666666666667,2152.62684663437
75,6.25,2056.2126600705365
76,6.333333333333333,1943.3211334120367
77,6.416666666666667,1810.0360557206366
78,6.5,1845.7005749758932
79,6.583333333333333,1911.4265806644332
80,6.666666666666667,1946.36498441212
81,6.75,1946.3535150296266
82,6.833333333333333,1959.50309056729
83,6.916666666666667,1916.04835623332
84,7.0,2069.4403380302865
85,7.083333333333333,2047.7562027498584
86,7.166666666666667,2074.9672017119365
87,7.25,2118.23869414111
88,7.333333333333333,2035.4320771975267
89,7.416666666666667,1968.0874956421567
90,7.5,2037.75605562366
91,7.583333333333333,2124.7161551364725
92,7.666666666666667,2203.5169169886135
93,7.75,2243.84147144112
94,7.833333333333333,2270.8055706555333
95,7.916666666666667,2439.25156805011
96,8.0,2481.7109650192565
97,8.083333333333334,2415.079363236
98,8.166666666666666,2467.6465352903465
99,8.25,2375.8696181325668
100,8.333333333333334,2410.7536946371206
101,8.416666666666666,2351.4833195653932
102,8.5,2328.310380610253
103,8.583333333333334,2285.721437051623
104,8.666666666666666,2323.8507924773567
105,8.75,2300.97126904623
106,8.833333333333334,2353.965597086093
107,8.916666666666666,2289.05657938607
108,9.0,2377.91477651932
109,9.083333333333334,2373.705162205173
110,9.166666666666666,2646.017714857198
111,9.25,2733.5612293138824
112,9.333333333333334,2471.310834860275
113,9.416666666666666,2321.58247251852
114,9.5,2191.9125690221235
115,9.583333333333334,2209.86315778079
116,9.666666666666666,2335.40286716906
117,9.75,2336.9952870509433
118,9.833333333333334,2300.8731854985567
119,9.916666666666666,2245.670044283763
120,10.0,2274.1564472813766
121,10.083333333333334,2307.15198238118
122,10.166666666666666,2356.56736428294
123,10.25,2367.1305025766233
124,10.333333333333334,2376.0948084628835
125,10.416666666666666,2336.1725838402967
126,10.5,2306.9577821520875
127,10.583333333333334,2234.894290587609
128,10.666666666666666,2278.45566319045
129,10.75,2981.87232017338
130,10.833333333333334,3149.8697414588682
131,10.916666666666666,3105.925295063407
132,11.0,3121.293802694578
133,11.083333333333334,2718.5913369691534
134,11.166666666666666,2367.8732478724364
135,11.25,2268.2846527122165
136,11.333333333333334,2242.65962064616
137,11.416666666666666,2267.861235684565
138,11.5,2403.4867161613333
139,11.583333333333334,2366.6087428909655
140,11.666666666666666,2356.6947837603493
141,11.75,2345.837913561963
142,11.833333333333334,2360.70904284547
143,11.916666666666666,2287.964556243663
144,12.0,2286.4037488360414
145,12.083333333333334,2296.28951637059
146,12.166666666666666,2344.459923985169
147,12.25,2316.982809515036
148,12.333333333333334,2313.28129366575
149,12.416666666666666,2346.7340822564033
150,12.5,2311.5414531379665
151,12.583333333333334,2336.3911072263068
152,12.666666666666666,2619.5581275156433
153,12.75,2796.5731854414435
154,12.833333333333334,2926.8057644469645
155,12.916666666666666,2819.8258078081244
156,13.0,2790.684822147165
157,13.083333333333334,2725.382606923483
158,13.166666666666666,2681.3429565172005
159,13.25,2628.429956885852
160,13.333333333333334,2673.6778168219794
161,13.416666666666666,2653.0397243735665
162,13.5,2745.31378851281
163,13.583333333333334,2795.6963577043334
164,13.666666666666666,2894.6017774480733
165,13.75,2897.95505895869
166,13.833333333333334,2849.6142950453896
167,13.916666666666666,2776.6218657494132
168,14.0,2836.412678314856
169,14.083333333333334,3299.86660118963
170,14.166666666666666,3632.863224775151
171,14.25,2969.2495590070066
172,14.333333333333334,2672.5704506410934
173,14.416666666666666,2711.3244508317766
174,14.5,2842.144433891499
175,14.583333333333334,2746.00283365948
176,14.666666666666666,2697.012409075178
177,14.75,2664.9805631217537
178,14.833333333333334,2678.94305982313
179,14.916666666666666,2960.587799316779
180,15.0,3102.30725007556
181,15.083333333333334,2788.094707432747
182,15.166666666666666,2716.9938494549724
183,15.25,2636.4067379416633
184,15.333333333333334,2575.596289786666
185,15.416666666666666,2616.7222590398333
186,15.5,2520.010916341345
187,15.583333333333334,2606.8393582661997
188,15.666666666666666,2436.48270303679
189,15.75,2440.8405300913964
190,15.833333333333334,2478.62836130083
191,15.916666666666666,2477.842932758882
192,16.0,2465.222027709134
193,16.083333333333332,2602.7309037423165
194,16.166666666666668,2614.1533108027056
195,16.25,2752.7906673143266
196,16.333333333333332,2693.0659018629567
197,16.416666666666668,2675.0144067762735
198,16.5,2733.731560969568
199,16.583333333333332,2774.2552568670435
200,16.666666666666668,2782.35795239991
201,16.75,2732.0047424239915
202,16.833333333333332,2677.3715756935035
203,16.916666666666668,2667.742113890247
204,17.0,2771.9046755995187
205,17.083333333333332,2766.844758256769
206,17.166666666666668,2720.60981111692
207,17.25,2664.1822471040978
208,17.333333333333332,2703.9857030441767
209,17.416666666666668,2600.35339083173
210,17.5,2802.9217212851495
211,17.583333333333332,2900.3894583507836
212,17.666666666666668,2880.50033514458
213,17.75,2843.7846118029634
214,17.833333333333332,2768.68920262068
215,17.916666666666668,2864.84022909249
216,18.0,3015.256577471775
217,18.083333333333332,3067.7192301358255
218,18.166666666666668,3064.3652688175134
219,18.25,3108.5118297191193
220,18.333333333333332,3075.1670556594995
221,18.416666666666668,3066.218466339293
222,18.5,3186.2773950206665
223,18.583333333333332,3179.230009995504
224,18.666666666666668,3170.168221084656
225,18.75,3210.041220887092
226,18.833333333333332,3222.2922541248367
227,18.916666666666668,3207.198920151459
228,19.0,3192.7075510591467
229,19.083333333333332,3149.68214906907
230,19.166666666666668,3136.455283865775
231,19.25,3208.2593477362266
232,19.333333333333332,3191.6660288523467
233,19.416666666666668,3176.9723790809767
234,19.5,3113.8773286366563
235,19.583333333333332,3092.4910471501084
236,19.666666666666668,3114.314616262315
237,19.75,3149.3256549830876
238,19.833333333333332,3207.92839976884
239,19.916666666666668,3203.6624197802016
240,20.0,3171.9386625734423
241,20.083333333333332,3163.1867243158167
242,20.166666666666668,3167.5794154089467
243,20.25,3331.606084276002
244,20.333333333333332,3288.562357048069
245,20.416666666666668,3174.891304178286
246,20.5,2870.721683522503
247,20.583333333333332,2881.5892899638
248,20.666666666666668,2960.511726586313
249,20.75,2912.4791221732066
250,20.833333333333332,2908.510502465693
251,20.916666666666668,2789.46974388969
252,21.0,2822.9927669848685
253,21.083333333333332,2878.2876495010455
254,21.166666666666668,2936.4243072959766
255,21.25,2876.4589336506665
256,21.333333333333332,2886.6294726710435
257,21.416666666666668,2923.4823211323064
258,21.5,2911.7524763320034
259,21.583333333333332,2952.0348736304304
260,21.666666666666668,3027.349599664504
261,21.75,3041.375812601835
262,21.833333333333332,3101.3552031229046
263,21.916666666666668,3048.472547907347
264,22.0,3040.347384732065
265,22.083333333333332,2988.6386388126534
266,22.166666666666668,3017.96055993858
267,22.25,3030.187933371197
268,22.333333333333332,2961.3011408940006
269,22.416666666666668,2989.15601841979
270,22.5,3047.1243214214264
271,22.583333333333332,3047.93190176701
272,22.666666666666668,3094.2943006259134
273,22.75,3054.99764194684
274,22.833333333333332,3031.0128572917365
275,22.916666666666668,3063.76974045683
276,23.0,2969.709095334243
277,23.083333333333332,2919.1273691510205
278,23.166666666666668,2963.3133313539392
279,23.25,2926.4839557648934
280,23.333333333333332,2887.9530711076536
281,23.416666666666668,2887.7809907566034
282,23.5,2519.9725113075665
283,23.583333333333332,2516.0895747762024
284,23.666666666666668,2676.3639725244934
285,23.75,2752.6078642464863
286,23.833333333333332,2678.2909705816473
287,23.916666666666668,2660.6143769207915
288,24.0,2742.3704993287324
289,24.083333333333332,2866.8007887467834
290,24.166666666666668,2752.6732429398885
291,24.25,2691.8415237925465
292,24.333333333333332,2819.402993679457
293,24.416666666666668,2800.155441631524
294,24.5,2792.4395239657315
295,24.583333333333332,3156.3588176356175
296,24.666666666666668,3401.0535067717033
297,24.75,3355.11477853888
298,24.833333333333332,3282.223705825271
299,24.916666666666668,3011.6719104724234
300,25.0,2875.30536760851
301,25.083333333333332,2779.429831153837
302,25.166666666666668,3201.3221410789893
303,25.25,3034.597263376096
304,25.333333333333332,2805.310115345567
305,25.416666666666668,2868.9180682374104
306,25.5,2926.668510950435
307,25.583333333333332,3204.204989164027
308,25.666666666666668,3441.867346299217
309,25.75,3241.206142923669
310,25.833333333333332,3060.999878523282
311,25.916666666666668,2870.104239509992
312,26.0,2842.045793899508
313,26.083333333333332,2740.139449444103
314,26.166666666666668,2812.7423091082064
315,26.25,2723.6124965008244
316,26.333333333333332,2655.322029583772
317,26.416666666666668,2598.9190046936396
318,26.5,2517.752220409507
319,26.583333333333332,2493.983264744548
320,26.666666666666668,2519.467071576777
321,26.75,2474.49954106241
322,26.833333333333332,2550.6565743014708
323,26.916666666666668,2557.6533204797843
324,27.0,2620.782949224434
325,27.083333333333332,2644.062527398136
326,27.166666666666668,2756.120628820787
327,27.25,2615.0928997329283
328,27.333333333333332,2416.676762684791
329,27.416666666666668,2314.4089783289514
330,27.5,2353.0343999144206
331,27.583333333333332,2304.3929293966335
332,27.666666666666668,2328.534600083982
333,27.75,2279.714154021613
334,27.833333333333332,2334.4530327672624
335,27.916666666666668,2332.5239905826115
336,28.0,2269.4716346402774
337,28.083333333333332,2143.9834096122295
338,28.166666666666668,2196.401570242451
339,28.25,2343.844458699574
340,28.333333333333332,2401.1092980495464
341,28.416666666666668,2318.6609137123833
342,28.5,2409.6756141211986
343,28.583333333333332,2284.0455940536135
344,28.666666666666668,2251.1042237810607
345,28.75,2369.395488442858
346,28.833333333333332,2420.879405109854
347,28.916666666666668,2411.3318355610654
348,29.0,2486.5183512758044
349,29.083333333333332,2639.903509267278
350,29.166666666666668,2673.9602466469482
351,29.25,2638.9935225134177
352,29.333333333333332,2600.2310948065715
353,29.416666666666668,2585.8745000412
354,29.5,2549.9905127099914
355,29.583333333333332,2493.6611513882835
356,29.666666666666668,2582.604624809722
357,29.75,2588.71249777875
358,29.833333333333332,2609.1761813657786
359,29.916666666666668,2511.0355911925394
360,30.0,2448.211633591439
361,30.083333333333332,2350.344752000043
362,30.166666666666668,2295.3957849662743
363,30.25,2251.8401718348036
364,30.333333333333332,2117.1250052251607
365,30.416666666666668,2244.0259949003485
366,30.5,2412.7789186758882
367,30.583333333333332,2398.0030527476747
368,30.666666666666668,2507.1013765852117
369,30.75,2511.7445427150033
370,30.833333333333332,2602.3261498877964
371,30.916666666666668,2538.5774303239646
372,31.0,2419.8057249336384
373,31.083333333333332,2366.825090658905
374,31.166666666666668,2460.3696607895145
375,31.25,2595.25976198302
376,31.333333333333332,2555.0522111629375
377,31.416666666666668,2598.3959170970566
378,31.5,2784.7295172938047
379,31.583333333333332,2684.6121389406944
380,31.666666666666668,2738.3520262226693
381,31.75,2648.1678014322647
382,31.833333333333332,2616.2608448761
383,31.916666666666668,2469.1252566376397
384,32.0,2278.329171496606
385,32.083333333333336,2188.235563780865
386,32.166666666666664,2135.3149487203614
387,32.25,2084.08197038386
388,32.333333333333336,2175.60935831082
389,32.416666666666664,2211.9484159926565
390,32.5,2265.9711470785332
391,32.583333333333336,2302.1490957367605
392,32.666666666666664,2365.9676191682
393,32.75,2496.01443050655
394,32.833333333333336,2445.99108741945
395,32.916666666666664,2287.52443947589
396,33.0,2193.4680308780835
397,33.083333333333336,2204.0664216746068
398,33.166666666666664,2253.1790236949005
399,33.25,2358.8070045425748
400,33.333333333333336,2343.407840720693
401,33.416666666666664,2399.0855789126776
402,33.5,2684.6413553934435
403,33.583333333333336,2557.8705577392043
404,33.666666666666664,2511.5034611399915
405,33.75,2530.652616907327
406,33.833333333333336,2445.3650672532012
407,33.916666666666664,2412.0993279722097
408,34.0,2435.858888749967
409,34.083333333333336,2450.4760239963002
410,34.166666666666664,2439.2340166736603
411,34.25,2344.48472199827
412,34.333333333333336,2369.5089326274215
413,34.416666666666664,2460.545625172286
414,34.5,2524.5529084832124
415,34.583333333333336,2396.9412934949346
416,34.666666666666664,2441.973615831945
417,34.75,2439.788718560172
418,34.833333333333336,2373.9178507726965
419,34.916666666666664,2331.3456662943668
420,35.0,2339.22191390987
421,35.083333333333336,2319.4234153700368
422,35.166666666666664,2384.1748295440466
423,35.25,2505.686559122639
424,35.333333333333336,2439.1394931872314
425,35.416666666666664,2257.419368699533
426,35.5,2249.37176009283
427,35.583333333333336,2195.21428802026
428,35.666666666666664,2209.221222676412
429,35.75,2355.674864406266
430,35.833333333333336,2318.265433649331
431,35.916666666666664,2339.1087236474273
432,36.0,2352.0985447123257
433,36.083333333333336,2301.3051982644497
434,36.166666666666664,2416.1380647814535
435,36.25,2481.8726168980465
436,36.333333333333336,2537.7663898396304
437,36.416666666666664,2462.1005990130534
438,36.5,2407.4651968005364
439,36.583333333333336,2409.405651211513
440,36.666666666666664,2404.4077523260335
441,36.75,2373.2380369345005
442,36.833333333333336,2922.523754630936
443,36.916666666666664,3378.515034745659
444,37.0,3338.133599847355
445,37.083333333333336,3276.87479782796
446,37.166666666666664,2858.632000107019
447,37.25,2675.1007891327495
448,37.333333333333336,2563.41826469696
449,37.416666666666664,2343.098163081451
450,37.5,2384.9034811467473
451,37.583333333333336,2456.97512067282
452,37.666666666666664,2477.8522177551445
453,37.75,2537.0147523042288
454,37.833333333333336,2573.31931323106
455,37.916666666666664,2633.1929789094524
456,38.0,2590.073512857552
457,38.083333333333336,2599.60673302202
458,38.166666666666664,2655.1196922714475
459,38.25,2718.4089065334933
460,38.333333333333336,2696.319552160922
461,38.416666666666664,2737.0164299207963
462,38.5,2716.0666981238633
463,38.583333333333336,2698.4188454200234
464,38.666666666666664,2776.5181188501065
465,38.75,2720.13483347468
466,38.833333333333336,2721.84334824071
467,38.916666666666664,2690.1133545073367
468,39.0,2630.111756330967
469,39.083333333333336,2682.2027210560527
470,39.166666666666664,2706.0206992533067
471,39.25,2683.78766012726
472,39.333333333333336,2816.853681296697
473,39.416666666666664,2730.698120416753
474,39.5,2759.9809929715434
475,39.583333333333336,2972.336902146761
476,39.666666666666664,3144.65532737587
477,39.75,3093.6689214871967
478,39.833333333333336,2941.2072752695854
479,39.916666666666664,2844.418778177321
480,40.0,2762.5957783045064
481,40.083333333333336,2784.56544076225
482,40.166666666666664,2679.475102303965
483,40.25,2637.5874982631
484,40.333333333333336,2668.7477232442166
485,40.416666666666664,2669.970984101053
486,40.5,2656.6135824570397
487,40.583333333333336,2743.7379029414433
488,40.666666666666664,2783.190800957663
489,40.75,2798.7374845148433
490,40.833333333333336,2746.902241177449
491,40.916666666666664,2672.6435291159282
492,41.0,2689.5579698641263
493,41.083333333333336,2682.3371548403834
494,41.166666666666664,2720.0013806586066
495,41.25,2698.6515898927832
496,41.333333333333336,2755.175349925478
497,41.416666666666664,2698.028700315395
498,41.5,2681.4982498026434
499,41.583333333333336,2784.318992481277
500,41.666666666666664,2781.81312779282
501,41.75,2851.4439093548363
502,41.833333333333336,2773.5642092589133
503,41.916666666666664,2708.21493739175
504,42.0,2707.98419150802
505,42.083333333333336,2687.4374730914365
506,42.166666666666664,2675.262154130822
507,42.25,2673.4220682884047
508,42.333333333333336,2653.5310903154364
509,42.416666666666664,2850.500164641911
510,42.5,3320.8713824992724
511,42.583333333333336,3144.6452003053223
512,42.666666666666664,2745.8576366163315
513,42.75,2695.3237386024052
514,42.833333333333336,2718.139104607398
515,42.916666666666664,2857.2759318106846
516,43.0,2870.9445485503816
517,43.083333333333336,2805.593304565647
518,43.166666666666664,2843.29719312648
519,43.25,2879.4834860766605
520,43.333333333333336,2844.8497917865134
521,43.416666666666664,2796.180548117147
522,43.5,2775.7041550739
523,43.583333333333336,2767.7670757494398
524,43.666666666666664,2756.8471052334057
525,43.75,3001.40559962791
526,43.833333333333336,3130.511695049393
527,43.916666666666664,2816.13370906552
528,44.0,2712.594451706513
529,44.083333333333336,2631.0616323442805
530,44.166666666666664,2713.812015178203
531,44.25,2731.4213804959145
532,44.333333333333336,2680.9690408768633
533,44.416666666666664,2636.093330223088
534,44.5,2639.333770906468
535,44.583333333333336,2716.2098475908565
536,44.666666666666664,2638.2518520736603
537,44.75,2644.01680901956
538,44.833333333333336,2518.414970087326
539,44.916666666666664,2551.3391764279568
540,45.0,2506.44040488753
541,45.083333333333336,2555.13885769233
542,45.166666666666664,2538.918752738496
543,45.25,2595.3946993985005
544,45.333333333333336,2607.3479021276376
545,45.416666666666664,2613.01666663663
546,45.5,2610.439068123124
547,45.583333333333336,2593.8949438966365
548,45.666666666666664,2523.159323903605
549,45.75,2529.16364332532
550,45.833333333333336,2490.80403571446
551,45.916666666666664,2491.28101605506
552,46.0,2547.43828453419
553,46.083333333333336,2532.3260853923366
554,46.166666666666664,2514.8436402871935
555,46.25,2667.867364348831
556,46.333333333333336,2771.8003584171765
557,46.416666666666664,2802.9828173330066
558,46.5,2698.235082214097
559,46.583333333333336,2658.94500303884
560,46.666666666666664,2712.8209256970163
561,46.75,2645.35851844129
562,46.833333333333336,2671.11315899209
563,46.916666666666664,2493.980320187774
564,47.0,2477.9841594761974
565,47.083333333333336,2597.018824932971
566,47.166666666666664,2521.84724507037
567,47.25,2700.0243623619162
568,47.333333333333336,2526.1619461929067
569,47.416666666666664,2843.870538280153
570,47.5,2928.6318445735064
571,47.583333333333336,2757.9658833283706
572,47.666666666666664,2676.159080834165
573,47.75,2745.3598598215103
574,47.833333333333336,2838.655351225433
575,47.916666666666664,2818.0773441562933
576,48.0,2945.5388938455635
577,48.083333333333336,2806.2908349122567
578,48.166666666666664,2684.17863636894
579,48.25,2622.21075051823
580,48.333333333333336,2677.0710523180064
581,48.416666666666664,2649.532141555528
582,48.5,2707.6548209302564
583,48.583333333333336,2567.232091598359
584,48.666666666666664,2323.858791080642
585,48.75,3087.6483140221926
586,48.833333333333336,3324.4283481490434
587,48.916666666666664,3346.773361678986
588,49.0,3565.40909262325
589,49.083333333333336,3633.897922856928
590,49.166666666666664,3151.1363919250516
591,49.25,2923.738692456838
592,49.333333333333336,2654.244153007023
593,49.416666666666664,2393.237203186583
594,49.5,2568.6621271016506
595,49.583333333333336,2683.8804415092914
596,49.666666666666664,2542.9807305220534
597,49.75,2656.0904607023754
598,49.833333333333336,2444.2376163465774
599,49.916666666666664,2521.55654313073
600,50.0,2680.4238603355
601,50.083333333333336,2704.290350032285
602,50.166666666666664,2703.6063555683727
