episode,reward,avg_health,crashes,flapping_incidents
0,89.30606,0.7797802460286727,0,0
1,82.3673,0.7730863868365243,1,0
2,78.58441,0.7476721301047634,1,0
3,84.74634,0.7612317583644145,0,0
4,71.18926,0.7619463098966069,1,0
5,85.09952,0.7297475701188921,0,0
6,77.64709,0.7422355087958656,0,0
7,95.75682,0.7362841137671436,0,0
8,100.55277,0.7620138858693416,0,0
9,97.76435,0.7113219255543295,0,0
10,103.35892,0.749294448376266,0,0
11,102.77027,0.7281015271529528,0,0
12,104.18588,0.7669292456540466,0,0
13,112.48184,0.7579090362006773,0,0
14,101.54762,0.7532380368581494,0,0
15,111.120636,0.767102864497439,0,0
16,108.59824,0.7654911127636445,0,0
17,109.73064,0.7554032621808259,0,0
18,119.730354,0.7966516620995181,0,0
19,113.61925,0.7723462302241484,0,0
20,115.02762,0.7728878550978329,0,0
21,115.543396,0.8014668118379411,0,0
22,113.48749,0.7859373042804495,0,0
23,123.68047,0.7914023832435304,0,0
24,123.785164,0.7801757058039458,0,0
25,127.6141,0.8075705359408362,0,0
26,116.66992,0.7438496438139043,0,0
27,117.859146,0.7687958564870634,0,0
28,122.593185,0.7639657295485895,0,0
29,127.77809,0.779890661472039,0,0
30,127.278076,0.7608904416957532,0,0
31,128.95854,0.7487925647519869,0,0
32,123.53993,0.7169497783384611,0,0
33,121.31299,0.6870645792077401,0,0
34,125.11218,0.7485612274194178,0,0
35,131.48373,0.7456687552511587,0,0
36,112.81845,0.6390923685723819,0,0
37,118.739586,0.6956978186928445,1,0
38,116.59829,0.6839914221853607,0,0
39,132.17525,0.753626134068642,0,0
40,128.38815,0.7601908097572992,0,0
41,128.54327,0.7439665895702372,0,0
42,133.16887,0.7725942164122773,0,0
43,124.42185,0.7326092745235085,0,0
44,128.89406,0.7452202433063674,0,0
45,128.35497,0.7410248860244476,0,0
46,131.87733,0.749886531736861,0,0
47,125.15665,0.740033336677592,0,0
48,122.019714,0.7073486719716817,0,0
49,122.327774,0.7176389512675957,0,0
50,144.31761,0.8038381054475591,0,0
51,125.41614,0.7525805609421728,0,0
52,132.29091,0.7697045567907276,0,0
53,128.4186,0.7593430426679622,0,0
54,123.65704,0.7485351333407212,0,0
55,120.110306,0.7230514510428879,0,0
56,129.30089,0.763004584612409,0,0
57,124.84143,0.7432069419946837,0,0
58,123.75795,0.7222899445254614,0,0
59,125.662315,0.7380613761215442,0,0
60,121.46264,0.7408131398748224,0,0
61,129.93286,0.7411643399477041,0,0
62,127.35788,0.7620392603253987,0,0
63,126.4459,0.7304794321000838,0,0
64,126.19513,0.7279758675051532,0,0
65,122.86498,0.7298250126098513,0,0
66,130.00081,0.7440041726948051,0,0
67,121.64767,0.7239883100828745,0,0
68,127.27495,0.7591247835961709,0,0
69,133.81245,0.7853122684451127,0,0
70,128.03542,0.768427037749133,0,0
71,143.58298,0.8206647278582139,0,0
72,129.10066,0.7535035014319678,0,0
73,127.84957,0.7542478418465133,0,0
74,127.65376,0.7725188025275213,0,0
75,126.31905,0.76284542939155,0,0
76,127.17347,0.7518673128687113,0,0
77,122.65746,0.7295372998128158,0,0
78,127.629875,0.763899294661839,0,0
79,125.4608,0.7335539712952044,0,0
80,112.47741,0.6501370781673272,0,0
81,121.86894,0.6963448744516465,0,0
82,134.54262,0.7679630289498668,0,0
83,123.969444,0.708097218341137,0,0
84,131.5751,0.7383756386808062,0,0
85,134.57527,0.7591264284931322,0,0
86,128.46178,0.7318090534997608,0,0
87,119.338425,0.705191729233755,0,0
88,125.641014,0.7482051096402301,0,0
89,126.31102,0.7403050693263205,0,0
90,123.68191,0.7459094826909509,0,0
91,131.32779,0.7678887359015566,0,0
92,130.6468,0.7662340445717206,0,0
93,144.19121,0.8142059637971891,0,0
94,126.43115,0.7254056452552401,0,0
95,124.475266,0.7401264017555369,0,0
96,127.60662,0.7537832247851582,0,0
97,135.0025,0.7785124610475037,0,0
98,138.30975,0.7930488373772794,0,0
99,124.94962,0.7734980179870954,0,0
