episode,timestep,reward,sla_violation,mean_replicas,crashes,flapping_incidents,length
0,29,-22.549999207258224,0.7931034482758621,1.8620689655172413,1,9,29
1,41,-15.798333868384361,0.41666666666666663,2.4166666666666665,1,2,12
2,202,15.498333080671728,0.2981366459627329,4.925465838509317,1,60,161
3,402,69.85833323653787,0.06000000000000005,8.285,0,67,200
4,602,78.20499981753528,0.0050000000000000044,9.015,0,61,200
5,774,-3.6599997794255614,0.5116279069767442,2.616279069767442,1,68,172
6,974,76.77833358757198,0.13,6.155,0,60,200
7,1000,-22.661665969528258,0.6538461538461539,3.5,1,11,26
8,1200,77.27666686661541,0.03500000000000003,7.66,0,70,200
9,1400,75.32666705735028,0.135,4.21,0,87,200
10,1600,73.66000059060752,0.10499999999999998,6.24,0,73,200
11,1800,84.66333369258791,0.0050000000000000044,7.46,0,72,200
12,2000,73.71500069275498,0.19499999999999995,4.785,0,63,200
13,2157,13.118333123624325,0.445859872611465,2.4140127388535033,1,54,157
14,2187,-24.30333374068141,0.7666666666666666,2.066666666666667,1,12,30
15,2221,-23.230000406503677,0.7647058823529411,2.1176470588235294,1,11,34
16,2287,-10.351666815578938,0.5606060606060606,1.7424242424242424,1,19,66
17,2487,86.88166708406061,0.07499999999999996,6.145,0,65,200
18,2548,-19.84666721895337,0.6229508196721312,2.3278688524590163,1,24,61
19,2748,81.25333371572196,0.08999999999999997,6.89,0,56,200
20,2760,-20.546667121350765,0.8333333333333334,1.8333333333333333,1,2,12
21,2854,3.2199998944997787,0.35106382978723405,2.5531914893617023,1,37,94
22,3054,69.1500005889684,0.17000000000000004,5.25,0,72,200
23,3133,-27.00666667148471,0.7341772151898734,1.6455696202531647,1,29,79
24,3333,95.71000003349036,0.025000000000000022,6.27,0,64,200
25,3350,-11.245000567287207,0.2941176470588235,3.0,1,1,17
26,3381,-24.238332755863667,0.8709677419354839,3.064516129032258,1,5,31
27,3408,-16.001666058786213,0.4814814814814815,3.3703703703703702,1,8,27
28,3608,91.14500015322119,0.06000000000000005,6.465,0,57,200
29,3808,55.56666699144989,0.07999999999999996,8.38,0,80,200
30,3891,-5.403333504684269,0.4698795180722891,3.3493975903614457,1,24,83
31,4091,86.23666646610945,0.11499999999999999,5.32,0,65,200
32,4291,49.93500049505383,0.39,2.985,0,66,200
33,4470,60.62166652549058,0.1061452513966481,4.217877094972067,1,66,179
34,4670,91.40500028245151,0.10499999999999998,3.945,0,75,200
35,4870,84.63500036392361,0.040000000000000036,7.005,0,69,200
36,5061,32.24666792340577,0.33507853403141363,3.3403141361256545,1,65,191
37,5261,100.35166695341468,0.010000000000000009,7.075,0,52,200
38,5315,-8.839999722316861,0.38888888888888884,3.888888888888889,1,18,54
39,5341,-8.3566659623757,0.3076923076923077,2.923076923076923,1,4,26
40,5541,85.94833386130631,0.030000000000000027,7.475,0,61,200
41,5741,78.51166679617018,0.11499999999999999,5.905,0,69,200
42,5941,85.58000034000725,0.12,4.53,0,74,200
43,5971,-17.796667251735926,0.5333333333333333,2.533333333333333,1,12,30
44,6171,67.18666717130691,0.235,4.39,0,65,200
45,6371,73.57666696235538,0.050000000000000044,7.75,0,71,200
46,6571,93.55500049330294,0.04500000000000004,6.105,0,68,200
47,6771,77.03166722226888,0.05500000000000005,7.855,0,63,200
48,6784,-20.53333382308483,0.6923076923076923,2.0,1,4,13
49,6916,23.313333256170154,0.25,4.166666666666667,1,44,132
50,6921,-20.36999937519431,1.0,1.2,1,0,5
51,6946,-24.070000380277634,0.88,1.2,1,7,25
52,7120,31.90166657511145,0.26436781609195403,3.339080459770115,1,71,174
53,7212,21.439999573864043,0.11956521739130432,4.239130434782608,1,30,92
54,7221,-23.503333866596222,0.8888888888888888,2.2222222222222223,1,4,9
55,7421,88.26500054448843,0.10499999999999998,5.505,0,61,200
56,7621,86.04666718002409,0.10999999999999999,5.74,0,58,200
57,7652,-26.016666423529387,0.8709677419354839,2.064516129032258,1,10,31
58,7852,90.39333361480385,0.09499999999999997,5.63,0,60,200
59,7865,-23.533333022147417,0.9230769230769231,1.5384615384615385,1,4,13
60,8065,81.71166671905667,0.13,5.275,0,64,200
61,8265,70.24666712246835,0.18000000000000005,5.59,0,62,200
62,8325,-4.2650003442540765,0.3833333333333333,2.85,1,19,60
63,8525,88.75500010605901,0.08999999999999997,5.055,0,69,200
64,8725,76.32666687481105,0.16500000000000004,4.81,0,69,200
65,8925,90.6250002766028,0.10499999999999998,5.115,0,61,200
66,9125,75.82333335932344,0.17500000000000004,3.68,0,79,200
67,9325,96.50833309348673,0.0,6.455,0,68,200
68,9525,96.95166701637208,0.05500000000000005,5.125,0,68,200
69,9535,-22.1600004658103,0.9,1.8,1,3,10
70,9735,98.12000034376979,0.07999999999999996,5.76,0,51,200
71,9750,-14.293333854526281,0.4,2.533333333333333,1,2,15
72,9950,90.18333361204714,0.015000000000000013,6.68,0,73,200
73,10115,43.466667246073484,0.21212121212121215,3.757575757575758,1,55,165
74,10315,88.70000015757978,0.030000000000000027,6.57,0,70,200
75,10515,72.6566669261083,0.07499999999999996,7.24,0,71,200
76,10715,89.5200003227219,0.010000000000000009,7.14,0,66,200
77,10915,82.7283335858956,0.06999999999999995,6.155,0,74,200
78,11115,89.80500018689781,0.015000000000000013,7.485,0,62,200
79,11315,90.38500025589019,0.15000000000000002,4.425,0,58,200
80,11353,-1.6166671672835946,0.1578947368421053,4.842105263157895,1,7,38
81,11553,92.98833370022476,0.125,5.375,0,47,200
82,11753,94.68333365954459,0.0,7.34,0,60,200
83,11953,68.0600002873689,0.235,3.72,0,74,200
84,12153,94.03666736744344,0.08999999999999997,5.11,0,60,200
85,12353,56.60166687052697,0.30000000000000004,3.415,0,76,200
86,12553,96.97500014398247,0.10999999999999999,4.905,0,54,200
87,12571,-16.8849995136261,0.5555555555555556,2.8333333333333335,1,4,18
88,12597,-16.271666686981916,0.5769230769230769,2.8076923076923075,1,5,26
89,12687,23.91833261307329,0.21111111111111114,3.077777777777778,1,19,90
90,12887,107.17000047396868,0.015000000000000013,6.0,0,50,200
91,13087,97.37666696868837,0.12,4.81,0,51,200
92,13287,91.86833371780813,0.0050000000000000044,7.055,0,67,200
93,13487,80.74333378020674,0.14500000000000002,5.18,0,64,200
94,13512,-10.754999278113246,0.28,3.96,1,5,25
95,13712,71.35999982990324,0.21499999999999997,5.01,0,60,200
96,13912,98.48500038776547,0.11499999999999999,4.455,0,57,200
97,14112,104.63833329360932,0.06499999999999995,4.715,0,58,200
98,14119,-21.23666714131832,0.8571428571428572,1.4285714285714286,1,2,7
99,14193,15.95666613522917,0.06756756756756754,5.378378378378378,1,22,74
100,14393,101.12333353236318,0.07999999999999996,5.06,0,53,200
101,14593,103.93000012543052,0.0,6.27,0,57,200
102,14694,29.339999147690833,0.17821782178217827,3.4455445544554455,1,24,101
103,14894,93.26166638545692,0.09999999999999998,4.885,0,63,200
104,15094,104.62000042200089,0.03500000000000003,5.85,0,55,200
105,15294,95.32666695956141,0.040000000000000036,6.31,0,61,200
106,15494,98.82333323918283,0.08499999999999996,4.85,0,57,200
107,15694,66.74833417125046,0.28,4.145,0,56,200
108,15894,105.90333331469446,0.050000000000000044,5.03,0,57,200
109,16010,43.79333293065429,0.07758620689655171,5.206896551724138,1,23,116
110,16042,-23.306665919721127,0.6875,2.1875,1,15,32
111,16142,11.484999623149633,0.32999999999999996,4.05,1,25,100
112,16342,97.76333355158567,0.05500000000000005,5.51,0,62,200
113,16542,101.42166660912335,0.03500000000000003,5.845,0,58,200
114,16651,36.724999473430216,0.11009174311926606,3.9908256880733943,1,30,109
115,16851,103.83166638575494,0.09499999999999997,4.675,0,54,200
116,17051,76.30666636116803,0.255,3.55,0,61,200
117,17251,106.46166707295924,0.06000000000000005,5.485,0,46,200
118,17451,111.67500047571957,0.06000000000000005,4.635,0,53,200
119,17463,-16.80500040948391,0.5,2.25,1,2,12
120,17663,107.4616667367518,0.0050000000000000044,5.155,0,67,200
121,17863,104.74833369255066,0.13,4.445,0,40,200
122,18063,102.14000005088747,0.030000000000000027,5.64,0,61,200
123,18263,100.55166701041162,0.06000000000000005,5.215,0,61,200
124,18432,48.551667019724846,0.28402366863905326,3.6153846153846154,1,38,169
125,18632,99.46499987971038,0.15000000000000002,4.185,0,48,200
126,18832,68.15500033367425,0.29000000000000004,3.195,0,63,200
127,19001,64.95166618563235,0.13609467455621305,4.254437869822485,1,43,169
128,19201,96.49833331163973,0.17500000000000004,3.875,0,51,200
129,19401,96.76333359628916,0.13,4.58,0,53,200
130,19601,107.41500031389296,0.07999999999999996,5.205,0,44,200
131,19683,23.588332526385784,0.12195121951219512,3.6707317073170733,1,22,82
132,19883,102.72333382535726,0.11499999999999999,4.28,0,51,200
133,20083,123.12833375297487,0.09499999999999997,3.635,0,34,200
134,20283,104.09499994758517,0.09999999999999998,3.885,0,59,200
135,20483,94.06500038411468,0.16000000000000003,4.245,0,55,200
136,20683,99.97333355341107,0.14,4.31,0,47,200
137,20883,103.98000012151897,0.11499999999999999,4.08,0,52,200
138,21083,108.7333331508562,0.11499999999999999,3.98,0,47,200
139,21283,99.71166674979031,0.14,3.925,0,54,200
140,21483,109.77666669525206,0.07499999999999996,4.54,0,50,200
141,21683,106.71666664071381,0.12,4.39,0,43,200
142,21883,102.73666721116751,0.16500000000000004,3.4,0,48,200
143,22083,109.7266667895019,0.13,3.79,0,43,200
144,22121,-13.735000521875918,0.5,3.8684210526315788,1,8,38
145,22321,108.21833371650428,0.07999999999999996,4.865,0,48,200
146,22521,115.85000007413328,0.13,4.26,0,28,200
147,22646,42.46833396330476,0.17600000000000005,3.224,1,32,125
148,22846,104.08666700590402,0.09999999999999998,4.27,0,56,200
149,22915,-0.14000052958726883,0.34782608695652173,3.652173913043478,1,19,69
150,23115,97.34166744351387,0.135,4.255,0,56,200
151,23315,105.22666705120355,0.10999999999999999,4.51,0,47,200
152,23515,105.8183333221823,0.10999999999999999,4.235,0,51,200
153,23715,124.87999988161027,0.08499999999999996,3.45,0,40,200
154,23915,119.03499989490956,0.050000000000000044,4.215,0,50,200
155,24115,109.22166676260531,0.10999999999999999,3.835,0,50,200
156,24303,97.20166594907641,0.09042553191489366,3.856382978723404,1,29,188
157,24503,118.14999982528389,0.12,3.6,0,38,200
158,24703,114.82666662428528,0.10999999999999999,3.73,0,42,200
159,24903,101.06666692066938,0.15000000000000002,4.18,0,45,200
160,25103,122.75166640244424,0.09499999999999997,3.895,0,32,200
161,25303,135.13000016566366,0.015000000000000013,4.56,0,32,200
162,25503,94.48500025551766,0.16000000000000003,4.095,0,53,200
163,25703,117.18999988026917,0.040000000000000036,4.29,0,54,200
164,25903,96.78333311993629,0.16000000000000003,3.35,0,60,200
165,26103,97.9600002700463,0.15500000000000003,3.6,0,60,200
166,26135,-6.746667247265577,0.28125,3.125,1,8,32
167,26335,120.8099992768839,0.06999999999999995,4.08,0,44,200
168,26535,121.28999985847622,0.07499999999999996,4.44,0,36,200
169,26735,125.95166616048664,0.07999999999999996,3.445,0,41,200
170,26935,124.28333337139338,0.06499999999999995,3.92,0,40,200
171,27135,112.1266664210707,0.14,3.46,0,41,200
172,27335,104.35166657436639,0.15000000000000002,4.285,0,39,200
173,27535,127.4699994660914,0.025000000000000022,4.26,0,42,200
174,27735,109.81333261821419,0.14500000000000002,3.65,0,42,200
175,27935,122.11166679486632,0.09499999999999997,4.015,0,36,200
176,28135,112.14166632201523,0.08999999999999997,3.895,0,52,200
177,28335,110.71333286818117,0.14,4.01,0,35,200
178,28535,108.55333336628973,0.15500000000000003,3.32,0,43,200
179,28735,134.97166561428457,0.025000000000000022,4.045,0,34,200
180,28935,103.46333273127675,0.17500000000000004,3.83,0,38,200
181,29135,118.39666614867747,0.07999999999999996,4.15,0,44,200
182,29335,134.37333343736827,0.050000000000000044,3.74,0,31,200
183,29535,94.41666653845459,0.19999999999999996,3.64,0,48,200
184,29735,118.6966665647924,0.08499999999999996,4.3,0,38,200
185,29935,108.93166601192206,0.10999999999999999,3.625,0,51,200
186,30135,124.77333238255233,0.06000000000000005,3.86,0,41,200
187,30335,128.93333305045962,0.07499999999999996,3.92,0,31,200
188,30535,118.94499946013093,0.10999999999999999,3.675,0,37,200
189,30735,120.57333304733038,0.10999999999999999,3.56,0,37,200
190,30935,116.05499969609082,0.12,3.975,0,35,200
191,31135,120.2483330834657,0.08499999999999996,3.545,0,44,200
192,31335,129.80333277210593,0.06000000000000005,3.8,0,34,200
193,31535,130.99833343364298,0.06000000000000005,4.055,0,30,200
194,31585,8.728332702070475,0.16000000000000003,3.62,1,6,50
195,31785,133.13166598137468,0.04500000000000004,4.135,0,30,200
196,31985,129.861667024903,0.040000000000000036,4.255,0,36,200
197,32185,114.67499989550561,0.06499999999999995,4.725,0,43,200
198,32385,128.38499986659735,0.06999999999999995,3.765,0,34,200
199,32585,132.91000004671514,0.07999999999999996,3.75,0,24,200
200,32785,123.44666677247733,0.09999999999999998,3.58,0,35,200
201,32821,-0.6516670361161232,0.2777777777777778,2.361111111111111,1,4,36
202,33021,109.69833268318325,0.125,3.905,0,42,200
203,33221,123.36166686285287,0.07999999999999996,4.255,0,32,200
204,33421,106.7016661670059,0.13,4.045,0,45,200
205,33621,128.83166672755033,0.06000000000000005,4.255,0,30,200
206,33821,130.53499960899353,0.06000000000000005,4.335,0,28,200
207,34021,136.11333346925676,0.06000000000000005,3.53,0,29,200
208,34221,124.2783330436796,0.07999999999999996,4.295,0,30,200
209,34421,127.51166645623744,0.06999999999999995,4.075,0,31,200
210,34621,116.67666681669652,0.125,3.76,0,36,200
211,34821,121.3666668087244,0.09499999999999997,3.7,0,38,200
212,35021,117.37166671827435,0.12,4.165,0,33,200
213,35221,118.65999979060143,0.07499999999999996,4.26,0,40,200
214,35421,124.23999998159707,0.07499999999999996,4.32,0,34,200
215,35621,121.17333261109889,0.135,3.74,0,27,200
216,35821,127.3866671519354,0.07499999999999996,3.73,0,33,200
217,36021,128.883332753554,0.06000000000000005,4.16,0,32,200
218,36221,128.60499985329807,0.06499999999999995,3.735,0,36,200
219,36421,125.70500008948147,0.08499999999999996,4.245,0,28,200
220,36621,132.33499938249588,0.08499999999999996,3.855,0,22,200
221,36821,137.71666637435555,0.040000000000000036,4.36,0,22,200
222,37021,100.64500043448061,0.19499999999999995,3.675,0,40,200
223,37221,121.60499959718436,0.14500000000000002,3.465,0,28,200
224,37421,119.69166706781834,0.13,3.595,0,32,200
225,37438,-18.653333641588688,0.6470588235294117,1.5294117647058822,1,6,17
226,37638,123.17333265021443,0.08499999999999996,4.1,0,34,200
227,37838,141.61166576761752,0.040000000000000036,3.505,0,29,200
228,38029,104.74833211302757,0.07853403141361259,3.774869109947644,1,27,191
229,38229,143.691666145809,0.0,4.225,0,28,200
230,38429,129.43166663311422,0.07999999999999996,4.015,0,27,200
231,38629,115.7633330449462,0.13,3.77,0,34,200
232,38829,119.09166677016765,0.15000000000000002,3.685,0,29,200
233,39029,143.30499976035208,0.04500000000000004,3.885,0,18,200
234,39229,132.803333084099,0.06499999999999995,4.25,0,23,200
235,39429,121.07166575081646,0.12,3.745,0,32,200
236,39629,150.4566669156775,0.0050000000000000044,4.21,0,17,200
237,39829,150.34166551288217,0.025000000000000022,3.835,0,14,200
238,40029,134.31166572775692,0.06999999999999995,3.805,0,26,200
239,40229,129.04499975591898,0.13,2.955,0,29,200
240,40429,137.31333308573812,0.04500000000000004,4.01,0,26,200
241,40629,133.88166575692594,0.06999999999999995,3.955,0,25,200
242,40829,134.03666562959552,0.10499999999999998,3.7,0,16,200
243,41029,120.04499951284379,0.125,3.885,0,28,200
244,41229,140.82999984920025,0.04500000000000004,4.59,0,13,200
245,41429,140.74833320453763,0.09499999999999997,3.335,0,13,200
246,41629,137.16999941505492,0.06000000000000005,3.54,0,24,200
247,41829,122.51999961771071,0.08999999999999997,4.17,0,32,200
248,42029,148.3299995418638,0.015000000000000013,4.29,0,15,200
249,42229,132.4066660962999,0.08999999999999997,3.85,0,23,200
250,42429,139.77666647173464,0.05500000000000005,4.12,0,18,200
251,42629,140.05999885499477,0.06499999999999995,4.08,0,15,200
252,42829,132.05333322566003,0.05500000000000005,4.28,0,28,200
253,43029,131.63333301246166,0.13,3.44,0,18,200
254,43229,141.94999946001917,0.04500000000000004,4.08,0,19,200
255,43429,139.9883337551728,0.04500000000000004,4.175,0,19,200
256,43629,147.65999855846167,0.040000000000000036,3.48,0,19,200
257,43829,147.91666712146252,0.030000000000000027,3.94,0,16,200
258,44029,133.51999913528562,0.125,3.54,0,14,200
259,44229,126.5883326753974,0.135,3.665,0,22,200
260,44429,126.82666679285467,0.10999999999999999,3.94,0,24,200
261,44629,129.56833212077618,0.10999999999999999,3.965,0,20,200
262,44829,139.27666658442467,0.050000000000000044,4.09,0,20,200
263,45029,135.49666811712086,0.05500000000000005,4.21,0,21,200
264,45229,143.84000060614198,0.050000000000000044,4.17,0,12,200
265,45429,149.96499967575073,0.04500000000000004,3.525,0,15,200
266,45629,146.70166729204357,0.015000000000000013,4.675,0,12,200
267,45829,136.47666603606194,0.06999999999999995,3.55,0,29,200
268,45897,23.776665753684938,0.11764705882352944,3.911764705882353,1,6,68
269,46097,154.07333367597312,0.020000000000000018,3.89,0,9,200
270,46297,139.6583334458992,0.07499999999999996,3.995,0,14,200
271,46497,139.29999998025596,0.08499999999999996,3.39,0,20,200
272,46697,142.76166619639844,0.03500000000000003,4.435,0,15,200
273,46897,152.8283328479156,0.015000000000000013,4.205,0,11,200
274,47097,143.8583334228024,0.050000000000000044,4.055,0,15,200
275,47297,153.19666556548327,0.03500000000000003,3.85,0,6,200
276,47497,139.1383328763768,0.08499999999999996,3.755,0,14,200
277,47697,123.64166752714664,0.125,4.015,0,23,200
278,47897,143.2199993794784,0.06000000000000005,3.63,0,19,200
279,48097,149.6199986776337,0.040000000000000036,3.84,0,11,200
280,48297,150.2116658128798,0.030000000000000027,3.985,0,14,200
281,48497,157.2283321917057,0.030000000000000027,3.455,0,9,200
282,48697,142.44166723638773,0.08499999999999996,3.385,0,18,200
283,48897,155.23499851301312,0.040000000000000036,3.615,0,7,200
284,49097,135.99333312921226,0.08499999999999996,3.89,0,16,200
285,49297,141.6916653700173,0.07499999999999996,3.505,0,18,200
286,49497,126.73499979823828,0.15500000000000003,3.735,0,13,200
287,49697,147.1766660399735,0.06499999999999995,3.43,0,13,200
288,49897,150.32500079553574,0.03500000000000003,4.035,0,9,200
289,50097,154.8166647432372,0.030000000000000027,3.85,0,7,200
290,50297,158.54166593030095,0.010000000000000009,3.835,0,7,200
291,50497,138.00999871641397,0.08999999999999997,4.11,0,12,200
292,50697,155.91666562855244,0.03500000000000003,3.79,0,4,200
293,50897,148.10833356529474,0.050000000000000044,4.055,0,9,200
294,51097,157.61333214491606,0.025000000000000022,3.86,0,6,200
295,51297,158.39499819278717,0.010000000000000009,4.005,0,5,200
296,51497,136.45333416759968,0.11499999999999999,4.04,0,8,200
297,51697,154.619998883456,0.015000000000000013,4.17,0,6,200
298,51897,150.37666576355696,0.050000000000000044,3.64,0,9,200
299,52097,146.38166689872742,0.07999999999999996,3.445,0,8,200
300,52297,147.1150003373623,0.08499999999999996,3.675,0,4,200
301,52497,154.89999981224537,0.06000000000000005,3.27,0,5,200
302,52697,149.8266662126407,0.04500000000000004,4.18,0,5,200
303,52897,143.98333228379488,0.09499999999999997,3.56,0,10,200
304,53097,150.42333342134953,0.040000000000000036,4.1,0,8,200
305,53297,150.4749996215105,0.030000000000000027,4.125,0,9,200
306,53497,159.1066651418805,0.03500000000000003,3.58,0,4,200
307,53697,143.54166751354933,0.06999999999999995,4.465,0,5,200
308,53897,127.05333304405212,0.18000000000000005,3.56,0,8,200
309,54097,157.3116663992405,0.06000000000000005,3.295,0,2,200
310,54297,149.5599998831749,0.05500000000000005,4.08,0,6,200
311,54497,155.06166765838861,0.050000000000000044,3.535,0,6,200
312,54697,151.28500028606504,0.050000000000000044,3.465,0,13,200
313,54897,156.60833224654198,0.030000000000000027,4.055,0,1,200
314,55097,157.45166657865047,0.04500000000000004,3.505,0,5,200
315,55297,166.6216665059328,0.010000000000000009,3.415,0,1,200
316,55497,157.14999962598085,0.050000000000000044,3.15,0,7,200
317,55697,166.42833238840103,0.015000000000000013,3.395,0,2,200
318,55897,157.78999853134155,0.030000000000000027,3.84,0,3,200
319,56097,160.29999801144004,0.020000000000000018,3.81,0,2,200
320,56297,159.8999982625246,0.03500000000000003,3.57,0,3,200
321,56497,160.00833160057664,0.015000000000000013,3.785,0,4,200
322,56697,161.0466659143567,0.025000000000000022,3.64,0,1,200
323,56897,165.33166581392288,0.020000000000000018,3.385,0,2,200
324,57097,160.37333105504513,0.010000000000000009,3.98,0,4,200
325,57297,161.1516660898924,0.030000000000000027,3.445,0,2,200
326,57497,162.55499973148108,0.030000000000000027,3.285,0,4,200
327,57697,158.48666479438543,0.03500000000000003,3.7,0,4,200
328,57897,164.32333167642355,0.030000000000000027,3.47,0,0,200
329,58097,163.01666398346424,0.015000000000000013,3.94,0,0,200
330,58297,165.86833180487156,0.010000000000000009,3.665,0,0,200
331,58497,164.63666439428926,0.0,3.88,0,2,200
332,58697,169.8133321106434,0.0050000000000000044,3.41,0,0,200
333,58897,160.24999909102917,0.05500000000000005,3.27,0,1,200
334,59097,168.7249991297722,0.015000000000000013,3.255,0,0,200
335,59297,163.51999840140343,0.0,3.99,0,1,200
336,59497,167.96499845385551,0.0,3.555,0,3,200
337,59697,154.7300000488758,0.030000000000000027,4.35,0,2,200
338,59897,173.26833307743073,0.0050000000000000044,3.065,0,0,200
339,60097,169.0899991542101,0.015000000000000013,3.27,0,0,200
340,60297,157.5149998217821,0.03500000000000003,4.065,0,0,200
341,60497,165.58666476607323,0.010000000000000009,3.73,0,0,200
342,60697,170.38333350419998,0.0,3.44,0,0,200
343,60897,159.66666443645954,0.025000000000000022,4.0,0,0,200
344,61097,160.56333396583796,0.04500000000000004,3.47,0,2,200
345,61297,159.78333106637,0.020000000000000018,3.98,0,1,200
346,61497,162.63166661560535,0.06000000000000005,3.025,0,0,200
347,61697,158.83333152532578,0.04500000000000004,3.71,0,0,200
348,61897,150.73166796565056,0.09499999999999997,3.475,0,1,200
349,62097,163.31999921798706,0.025000000000000022,3.6,0,1,200
350,62297,158.6733338534832,0.015000000000000013,4.43,0,0,200
351,62497,163.1849980801344,0.025000000000000022,3.615,0,2,200
352,62697,158.8866639137268,0.03500000000000003,3.88,0,1,200
353,62897,155.19000053405762,0.015000000000000013,4.68,0,2,200
354,63097,153.586668998003,0.030000000000000027,4.48,0,2,200
355,63297,168.95666605234146,0.0,3.43,0,1,200
356,63497,166.39999946951866,0.020000000000000018,3.33,0,1,200
357,63697,164.3983347415924,0.020000000000000018,3.725,0,0,200
358,63897,164.03333371132612,0.050000000000000044,3.02,0,1,200
359,64097,168.08833116292953,0.0050000000000000044,3.575,0,1,200
360,64297,166.3916670754552,0.020000000000000018,3.325,0,1,200
361,64497,165.13166604191065,0.03500000000000003,3.175,0,2,200
362,64697,164.36499762535095,0.0,4.155,0,0,200
363,64897,161.6499992609024,0.020000000000000018,3.69,0,2,200
364,65097,158.14666689932346,0.020000000000000018,4.21,0,1,200
365,65297,168.46333229541779,0.0,3.56,0,0,200
366,65497,170.0416659116745,0.0050000000000000044,3.295,0,0,200
367,65697,166.91166722774506,0.025000000000000022,3.145,0,2,200
368,65897,158.0150008648634,0.025000000000000022,4.185,0,1,200
369,66097,159.2616655677557,0.03500000000000003,3.715,0,2,200
370,66297,166.0933326780796,0.025000000000000022,3.29,0,1,200
371,66497,165.7183320224285,0.015000000000000013,3.605,0,0,200
372,66697,157.65166423469782,0.04500000000000004,3.865,0,0,200
373,66897,163.61999904364347,0.010000000000000009,3.81,0,2,200
374,67097,161.72999860346317,0.040000000000000036,3.45,0,1,200
375,67297,160.32833179831505,0.020000000000000018,4.055,0,1,200
376,67497,166.17333152890205,0.0050000000000000044,3.77,0,0,200
377,67697,168.3216668367386,0.0050000000000000044,3.595,0,0,200
378,67897,161.71499937027693,0.04500000000000004,3.375,0,1,200
379,68097,151.53499947488308,0.08499999999999996,3.495,0,2,200
380,68297,166.44166542589664,0.020000000000000018,3.415,0,0,200
381,68497,169.18000002205372,0.020000000000000018,3.09,0,0,200
382,68697,164.08500024676323,0.030000000000000027,3.525,0,0,200
383,68897,162.95333187282085,0.03500000000000003,3.41,0,2,200
384,69097,163.36999759078026,0.020000000000000018,3.81,0,0,200
385,69297,157.67333234846592,0.06999999999999995,3.23,0,2,200
386,69497,159.0316655561328,0.06000000000000005,3.325,0,1,200
387,69697,168.91166418790817,0.0,3.685,0,0,200
388,69897,155.87999938428402,0.07499999999999996,3.3,0,2,200
389,70097,163.19333388656378,0.025000000000000022,3.53,0,2,200
390,70297,164.08499760180712,0.020000000000000018,3.705,0,1,200
391,70497,152.96666444838047,0.05500000000000005,3.88,0,4,200
392,70697,157.76333234459162,0.06000000000000005,3.47,0,0,200
393,70897,158.77166557312012,0.04500000000000004,3.535,0,2,200
394,71097,164.55833104252815,0.0050000000000000044,3.875,0,2,200
395,71297,162.62999798357487,0.03500000000000003,3.48,0,2,200
396,71497,162.59833300113678,0.015000000000000013,3.785,0,2,200
397,71697,167.8349979519844,0.0,3.735,0,0,200
398,71897,160.84500032663345,0.06999999999999995,2.925,0,0,200
399,72097,165.91499933600426,0.015000000000000013,3.585,0,1,200
400,72297,163.96833163499832,0.015000000000000013,3.665,0,2,200
401,72497,168.728331387043,0.0,3.635,0,0,200
402,72697,169.3866668343544,0.0050000000000000044,3.25,0,2,200
403,72897,166.51833248138428,0.015000000000000013,3.395,0,1,200
404,73097,160.84666676819324,0.025000000000000022,3.61,0,3,200
405,73297,162.58999754488468,0.030000000000000027,3.69,0,0,200
406,73497,164.52666552364826,0.03500000000000003,3.34,0,0,200
407,73697,167.27666515111923,0.0,3.61,0,2,200
408,73897,163.09666472673416,0.015000000000000013,3.67,0,4,200
409,74097,161.14166548103094,0.04500000000000004,3.475,0,1,200
410,74297,159.818333029747,0.020000000000000018,4.205,0,0,200
411,74497,161.63833155483007,0.03500000000000003,3.545,0,2,200
412,74697,162.901665776968,0.015000000000000013,3.745,0,3,200
413,74897,156.7100006788969,0.030000000000000027,4.11,0,3,200
414,75097,164.14166712760925,0.040000000000000036,3.115,0,2,200
415,75297,161.95333291590214,0.03500000000000003,3.53,0,1,200
416,75497,167.46166616678238,0.0,3.445,0,4,200
417,75697,171.519999563694,0.0050000000000000044,3.18,0,1,200
418,75897,159.79833391681314,0.05500000000000005,3.005,0,5,200
419,76097,159.3716640919447,0.025000000000000022,3.895,0,4,200
420,76297,169.25999927520752,0.0050000000000000044,3.45,0,0,200
421,76497,166.1799991428852,0.0050000000000000044,3.51,0,2,200
422,76697,172.42000025510788,0.010000000000000009,3.0,0,0,200
423,76897,162.31666672974825,0.04500000000000004,3.13,0,2,200
424,77097,153.7999986410141,0.06499999999999995,3.66,0,3,200
425,77297,166.6216660141945,0.03500000000000003,3.145,0,0,200
426,77497,170.59500022232533,0.0050000000000000044,3.375,0,0,200
427,77697,160.16833440214396,0.06000000000000005,3.035,0,3,200
428,77897,162.90166879445314,0.04500000000000004,3.325,0,0,200
429,78097,149.99999951571226,0.09999999999999998,3.3,0,3,200
430,78297,159.43333415687084,0.07999999999999996,2.84,0,0,200
431,78497,168.9150010496378,0.015000000000000013,3.105,0,0,200
432,78697,153.56499855220318,0.07499999999999996,3.585,0,1,200
433,78897,161.59666545689106,0.030000000000000027,3.58,0,2,200
434,79097,146.96333130449057,0.08499999999999996,3.74,0,6,200
435,79297,157.0316669344902,0.06000000000000005,3.325,0,4,200
436,79497,157.58166417479515,0.050000000000000044,3.775,0,0,200
437,79697,158.37500043213367,0.05500000000000005,3.375,0,3,200
438,79897,170.92666625976562,0.0050000000000000044,3.31,0,0,200
439,80097,155.7599983662367,0.05500000000000005,3.63,0,3,200
440,80297,166.49333349615335,0.03500000000000003,2.99,0,1,200
441,80497,152.9766642153263,0.06000000000000005,3.94,0,2,200
442,80697,160.29000109434128,0.04500000000000004,3.27,0,4,200
443,80897,160.7549996972084,0.06000000000000005,3.165,0,0,200
444,81097,168.03500020503998,0.020000000000000018,3.165,0,0,200
445,81297,164.54833291471004,0.03500000000000003,3.215,0,1,200
446,81497,162.7116645425558,0.025000000000000022,3.805,0,0,200
447,81697,164.35333260893822,0.020000000000000018,3.62,0,0,200
448,81897,154.7466665506363,0.06999999999999995,3.4,0,2,200
449,82097,156.97333324700594,0.04500000000000004,3.5,0,3,200
450,82297,163.98999968916178,0.040000000000000036,3.24,0,0,200
451,82497,162.3983332812786,0.04500000000000004,3.125,0,3,200
452,82697,166.57833382487297,0.030000000000000027,3.065,0,2,200
453,82897,156.69999896362424,0.040000000000000036,3.87,0,2,200
454,83097,159.95666639506817,0.03500000000000003,3.67,0,2,200
455,83297,168.01500034332275,0.0,3.465,0,1,200
456,83497,167.7999997586012,0.015000000000000013,3.3,0,0,200
457,83697,164.14499850571156,0.025000000000000022,3.585,0,0,200
458,83897,161.4416663274169,0.04500000000000004,3.325,0,2,200
459,84097,164.04333451390266,0.020000000000000018,3.65,0,1,200
460,84297,157.70666551589966,0.03500000000000003,4.0,0,1,200
461,84497,167.65500105172396,0.040000000000000036,2.775,0,1,200
462,84697,167.15000016242266,0.015000000000000013,3.18,0,2,200
463,84897,170.30166685581207,0.010000000000000009,3.145,0,0,200
464,85097,160.23500148952007,0.04500000000000004,3.405,0,1,200
465,85297,160.62833297252655,0.03500000000000003,3.695,0,1,200
466,85497,165.6116667687893,0.0050000000000000044,3.475,0,3,200
467,85697,166.35166716575623,0.015000000000000013,3.355,0,2,200
468,85897,166.0999994277954,0.010000000000000009,3.57,0,0,200
469,86097,165.84500139951706,0.025000000000000022,3.255,0,0,200
470,86297,165.04333364963531,0.03500000000000003,3.11,0,2,200
471,86497,161.7533337175846,0.03500000000000003,3.53,0,1,200
472,86697,160.9633324444294,0.020000000000000018,3.71,0,4,200
473,86897,169.16000092029572,0.015000000000000013,3.09,0,1,200
474,87097,162.52999812364578,0.0,4.05,0,3,200
475,87297,160.2699982225895,0.015000000000000013,3.96,0,2,200
476,87497,168.3250002041459,0.010000000000000009,3.375,0,0,200
477,87697,158.01833429932594,0.06000000000000005,3.155,0,2,200
478,87897,160.68333193659782,0.015000000000000013,4.16,0,1,200
479,88097,162.5733331590891,0.03500000000000003,3.29,0,2,200
480,88297,162.3366671949625,0.050000000000000044,3.1,0,1,200
481,88497,159.53833213448524,0.06000000000000005,3.305,0,1,200
482,88697,168.99000059068203,0.010000000000000009,3.24,0,0,200
483,88897,161.42833418399096,0.06000000000000005,2.945,0,2,200
484,89097,167.82999911904335,0.0050000000000000044,3.54,0,0,200
485,89297,161.79499992728233,0.030000000000000027,3.405,0,3,200
486,89497,162.27666659653187,0.050000000000000044,3.19,0,0,200
487,89697,163.6416658759117,0.03500000000000003,3.205,0,4,200
488,89897,168.23666471242905,0.0,3.7,0,0,200
489,90097,169.8933339267969,0.010000000000000009,3.14,0,0,200
490,90297,164.05666607618332,0.025000000000000022,3.46,0,0,200
491,90497,164.07333317399025,0.015000000000000013,3.71,0,1,200
492,90697,158.4149984717369,0.04500000000000004,3.555,0,3,200
493,90897,169.27666622400284,0.0050000000000000044,3.34,0,1,200
494,91097,165.28499902784824,0.030000000000000027,3.345,0,0,200
495,91297,160.26999931037426,0.04500000000000004,3.45,0,1,200
496,91497,164.19500003755093,0.020000000000000018,3.735,0,0,200
497,91697,161.404998421669,0.030000000000000027,3.645,0,2,200
498,91897,162.5383338034153,0.020000000000000018,3.785,0,1,200
499,92097,169.54166689515114,0.010000000000000009,3.175,0,1,200
500,92297,165.49666464328766,0.0,3.85,0,3,200
501,92497,170.37833255529404,0.0050000000000000044,3.275,0,1,200
502,92697,159.0566650032997,0.050000000000000044,3.49,0,2,200
503,92897,167.37833285331726,0.0050000000000000044,3.515,0,0,200
504,93097,164.16833347082138,0.025000000000000022,3.395,0,2,200
505,93297,152.4399999305606,0.050000000000000044,4.05,0,4,200
506,93497,165.38833202421665,0.025000000000000022,3.425,0,1,200
507,93697,160.25833196938038,0.030000000000000027,3.815,0,1,200
508,93897,165.70666617155075,0.010000000000000009,3.52,0,2,200
509,94097,165.36500057578087,0.030000000000000027,3.105,0,1,200
510,94297,160.91500098258257,0.040000000000000036,3.375,0,2,200
511,94497,169.4983320236206,0.0,3.515,0,0,200
512,94697,171.59333276748657,0.0,3.29,0,0,200
513,94897,167.7333340793848,0.015000000000000013,3.23,0,0,200
514,95097,170.46166722476482,0.015000000000000013,3.025,0,0,200
515,95297,165.60666736215353,0.030000000000000027,3.13,0,1,200
516,95497,168.4399999976158,0.015000000000000013,3.24,0,0,200
517,95697,166.44166669249535,0.015000000000000013,3.355,0,1,200
518,95897,166.6333323121071,0.020000000000000018,3.41,0,0,200
519,96097,161.30166532099247,0.04500000000000004,3.445,0,0,200
520,96297,157.5966670513153,0.025000000000000022,4.03,0,3,200
521,96497,167.4000006467104,0.025000000000000022,3.03,0,1,200
522,96697,158.6766670793295,0.04500000000000004,3.46,0,3,200
523,96897,166.46666552126408,0.020000000000000018,3.4,0,0,200
524,97097,154.67499795556068,0.06999999999999995,3.585,0,1,200
525,97297,163.76333257555962,0.025000000000000022,3.47,0,1,200
526,97497,166.37500097602606,0.030000000000000027,3.165,0,0,200
527,97697,170.54333317279816,0.0,3.32,0,0,200
528,97897,159.55333476513624,0.050000000000000044,3.38,0,1,200
529,98097,166.25333355367184,0.010000000000000009,3.53,0,1,200
530,98297,161.20833338797092,0.025000000000000022,3.545,0,4,200
531,98497,164.82000087201595,0.04500000000000004,2.91,0,1,200
532,98697,160.05999971926212,0.04500000000000004,3.51,0,0,200
533,98897,160.64833264052868,0.03500000000000003,3.575,0,1,200
534,99097,161.62833327054977,0.030000000000000027,3.575,0,2,200
535,99297,166.72499882429838,0.010000000000000009,3.495,0,2,200
536,99497,168.72833371162415,0.010000000000000009,3.245,0,0,200
537,99697,166.0416661053896,0.025000000000000022,3.355,0,0,200
538,99897,166.76999847590923,0.010000000000000009,3.6,0,0,200
539,100097,165.52166840434074,0.015000000000000013,3.595,0,0,200
540,100297,167.71666648983955,0.015000000000000013,3.16,0,2,200
541,100497,161.9766650646925,0.025000000000000022,3.76,0,1,200
542,100697,166.3299990594387,0.0,3.75,0,1,200
543,100897,160.6349984779954,0.03500000000000003,3.495,0,4,200
544,101097,169.90000140666962,0.020000000000000018,2.88,0,1,200
545,101297,169.9883339703083,0.020000000000000018,2.945,0,1,200
546,101497,155.01999920606613,0.050000000000000044,3.69,0,5,200
547,101697,170.02166604995728,0.0,3.415,0,0,200
548,101897,169.5916674733162,0.015000000000000013,3.025,0,2,200
549,102097,169.81166729331017,0.0050000000000000044,3.175,0,1,200
550,102297,160.3100020363927,0.05500000000000005,3.21,0,1,200
551,102497,161.03666579723358,0.0050000000000000044,4.21,0,3,200
552,102697,163.3449995070696,0.03500000000000003,3.225,0,3,200
553,102897,158.7833327651024,0.04500000000000004,3.47,0,4,200
554,103097,161.6300009638071,0.015000000000000013,3.93,0,2,200
555,103297,160.64333271980286,0.015000000000000013,3.95,0,2,200
556,103497,159.6299988925457,0.015000000000000013,3.96,0,3,200
557,103697,163.47999779880047,0.0,4.02,0,3,200
558,103897,159.51499927788973,0.03500000000000003,3.585,0,3,200
559,104097,167.30333323776722,0.015000000000000013,3.35,0,0,200
560,104297,166.28333419561386,0.0050000000000000044,3.74,0,0,200
561,104497,162.35833370685577,0.03500000000000003,3.395,0,2,200
562,104697,161.67500007152557,0.025000000000000022,3.735,0,1,200
563,104897,168.21666657924652,0.0050000000000000044,3.31,0,2,200
564,105097,170.3633345067501,0.0,3.11,0,3,200
565,105297,172.13500028848648,0.0,3.195,0,0,200
566,105497,165.2299982458353,0.010000000000000009,3.72,0,1,200
567,105697,172.7916676402092,0.0,3.055,0,0,200
568,105897,170.54166680574417,0.010000000000000009,3.145,0,0,200
569,106097,165.41499973088503,0.03500000000000003,3.135,0,1,200
570,106297,167.58166706562042,0.010000000000000009,3.475,0,0,200
571,106497,166.21833416819572,0.025000000000000022,3.215,0,0,200
572,106697,172.9400011897087,0.0050000000000000044,2.97,0,0,200
573,106897,162.96499973535538,0.03500000000000003,3.465,0,0,200
574,107097,154.0866660773754,0.050000000000000044,3.7,0,5,200
575,107297,160.95999909937382,0.03500000000000003,3.63,0,1,200
576,107497,170.9183337688446,0.0050000000000000044,3.155,0,1,200
577,107697,166.08500040322542,0.020000000000000018,3.135,0,3,200
578,107897,158.2533310726285,0.03500000000000003,3.86,0,3,200
579,108097,160.34333162009716,0.020000000000000018,3.89,0,2,200
580,108297,162.67500022053719,0.020000000000000018,3.705,0,0,200
581,108497,162.5949995070696,0.04500000000000004,3.225,0,1,200
582,108697,160.4399997740984,0.020000000000000018,4.02,0,0,200
583,108897,158.66333378851414,0.05500000000000005,3.29,0,2,200
584,109097,167.0999992787838,0.0,3.63,0,1,200
585,109297,166.2166647017002,0.0,3.82,0,1,200
586,109497,168.67166705429554,0.020000000000000018,3.115,0,0,200
587,109697,151.42333288490772,0.07999999999999996,3.71,0,1,200
588,109897,162.93666599690914,0.015000000000000013,3.85,0,1,200
589,110097,154.9333330541849,0.030000000000000027,4.28,0,2,200
590,110297,168.40666764974594,0.015000000000000013,3.07,0,3,200
591,110497,173.4000013321638,0.010000000000000009,2.82,0,0,200
592,110697,164.8333307504654,0.010000000000000009,3.86,0,0,200
593,110897,165.49833276867867,0.015000000000000013,3.605,0,0,200
594,111097,168.8016664609313,0.015000000000000013,3.205,0,1,200
595,111297,167.3816664814949,0.020000000000000018,3.325,0,0,200
596,111497,168.83166705071926,0.015000000000000013,3.115,0,1,200
597,111697,164.53833162039518,0.020000000000000018,3.665,0,0,200
598,111897,166.14666499197483,0.015000000000000013,3.52,0,1,200
599,112097,167.6916650980711,0.0050000000000000044,3.625,0,0,200
600,112297,161.27666792273521,0.03500000000000003,3.37,0,1,200
601,112497,161.16333274543285,0.025000000000000022,3.62,0,2,200
602,112697,159.69333252310753,0.03500000000000003,3.86,0,0,200
603,112897,166.69999881088734,0.015000000000000013,3.51,0,0,200
604,113097,163.55499948561192,0.030000000000000027,3.345,0,2,200
605,113297,167.8983337804675,0.030000000000000027,3.035,0,0,200
606,113497,158.46333172917366,0.06000000000000005,3.47,0,0,200
607,113697,165.94499915838242,0.030000000000000027,3.315,0,0,200
608,113897,165.86166467517614,0.015000000000000013,3.595,0,1,200
609,114097,169.60500033199787,0.015000000000000013,3.105,0,0,200
610,114297,164.88833295553923,0.03500000000000003,3.185,0,1,200
611,114497,170.92666721343994,0.0,3.13,0,2,200
612,114697,163.929999679327,0.030000000000000027,3.42,0,0,200
613,114897,156.93499937653542,0.03500000000000003,3.915,0,2,200
614,115097,155.92499917000532,0.06999999999999995,3.345,0,1,200
615,115297,170.39500024914742,0.010000000000000009,3.165,0,0,200
616,115497,168.9149999767542,0.020000000000000018,3.135,0,0,200
617,115697,158.51666566729546,0.050000000000000044,3.49,0,2,200
618,115897,166.58000142872334,0.010000000000000009,3.45,0,1,200
619,116097,164.94666548073292,0.010000000000000009,3.76,0,0,200
620,116297,164.0900005698204,0.030000000000000027,3.27,0,2,200
621,116497,167.43499965965748,0.025000000000000022,3.165,0,1,200
622,116697,159.05833368003368,0.050000000000000044,3.365,0,2,200
623,116897,160.6949988603592,0.020000000000000018,3.945,0,1,200
624,117097,164.2266658693552,0.020000000000000018,3.58,0,0,200
625,117297,165.74333429336548,0.030000000000000027,3.14,0,2,200
626,117497,149.66000005602837,0.08999999999999997,3.39,0,4,200
627,117697,161.8583318144083,0.030000000000000027,3.665,0,1,200
628,117897,152.106665879488,0.07999999999999996,3.46,0,2,200
629,118097,161.7683342769742,0.050000000000000044,2.975,0,3,200
630,118297,166.14500086009502,0.040000000000000036,2.985,0,0,200
631,118497,168.19333320111036,0.020000000000000018,3.17,0,1,200
632,118697,158.46333247423172,0.05500000000000005,3.47,0,0,200
633,118897,164.52333196997643,0.030000000000000027,3.44,0,0,200
634,119097,165.56499928981066,0.030000000000000027,3.315,0,0,200
635,119297,168.94333471357822,0.020000000000000018,3.02,0,0,200
636,119497,166.92166759073734,0.03500000000000003,2.875,0,1,200
637,119697,159.05000003427267,0.06000000000000005,3.09,0,3,200
638,119897,149.97333399951458,0.10499999999999998,3.14,0,2,200
639,120097,169.83166700601578,0.0050000000000000044,3.175,0,2,200
640,120297,147.33166663348675,0.10499999999999998,3.295,0,3,200
641,120497,160.1566658243537,0.050000000000000044,3.49,0,0,200
642,120697,162.3183335661888,0.03500000000000003,3.245,0,4,200
643,120897,157.4816670715809,0.05500000000000005,3.475,0,2,200
644,121097,162.34666664898396,0.040000000000000036,3.31,0,2,200
645,121297,166.57166691869497,0.025000000000000022,3.145,0,1,200
646,121497,156.32500118017197,0.06000000000000005,3.315,0,3,200
647,121697,165.09666742384434,0.030000000000000027,3.19,0,1,200
648,121897,166.9133343398571,0.025000000000000022,3.17,0,0,200
649,122097,154.30166483670473,0.06000000000000005,3.715,0,2,200
650,122297,155.2983326986432,0.07499999999999996,3.335,0,1,200
651,122497,164.27166630327702,0.03500000000000003,3.205,0,0,200
652,122697,157.84166740626097,0.050000000000000044,3.415,0,2,200
653,122897,161.35833324491978,0.05500000000000005,3.185,0,0,200
654,123097,141.2483332976699,0.14,3.425,0,1,200
655,123297,159.62333189696074,0.050000000000000044,3.47,0,0,200
656,123497,171.93500182777643,0.010000000000000009,2.895,0,0,200
657,123697,163.84666649997234,0.030000000000000027,3.4,0,0,200
658,123897,166.74166789650917,0.0050000000000000044,3.385,0,2,200
659,124097,175.7800019979477,0.0,2.76,0,0,200
660,124297,168.43166492134333,0.0050000000000000044,3.565,0,0,200
661,124497,160.4950001090765,0.050000000000000044,3.225,0,3,200
662,124697,150.5250014141202,0.07499999999999996,3.795,0,3,200
663,124897,164.51000121235847,0.030000000000000027,3.27,0,1,200
664,125097,163.68166695535183,0.030000000000000027,3.325,0,1,200
665,125297,164.4266667664051,0.04500000000000004,3.1,0,0,200
666,125497,160.82833292335272,0.03500000000000003,3.545,0,2,200
667,125697,161.23166611790657,0.020000000000000018,3.925,0,1,200
668,125897,156.1050001308322,0.06999999999999995,3.225,0,3,200
669,126097,166.9116682112217,0.015000000000000013,3.325,0,1,200
670,126297,165.95000103116035,0.020000000000000018,3.36,0,0,200
671,126497,157.3033333942294,0.05500000000000005,3.59,0,1,200
672,126697,165.99666692316532,0.015000000000000013,3.55,0,0,200
673,126897,168.4349987283349,0.0050000000000000044,3.465,0,1,200
674,127097,159.14166742563248,0.03500000000000003,3.685,0,2,200
675,127297,171.5816671848297,0.0050000000000000044,3.145,0,0,200
676,127497,169.22500103712082,0.0,3.375,0,1,200
677,127697,164.9216657280922,0.015000000000000013,3.505,0,2,200
678,127897,150.38666538894176,0.07499999999999996,3.61,0,4,200
679,128097,159.12666761875153,0.04500000000000004,3.25,0,4,200
680,128297,160.92333418130875,0.03500000000000003,3.32,0,5,200
681,128497,163.06499834358692,0.015000000000000013,3.795,0,0,200
682,128697,161.97666573524475,0.030000000000000027,3.55,0,1,200
683,128897,166.8250008225441,0.0050000000000000044,3.435,0,1,200
684,129097,165.7700009047985,0.020000000000000018,3.21,0,2,200
685,129297,166.24833172559738,0.0050000000000000044,3.695,0,1,200
686,129497,170.14000004529953,0.0,3.33,0,0,200
687,129697,164.63166590034962,0.030000000000000027,3.385,0,0,200
688,129897,168.12500001490116,0.0050000000000000044,3.555,0,0,200
689,130097,165.17166776955128,0.020000000000000018,3.445,0,0,200
690,130297,164.37333427369595,0.025000000000000022,3.29,0,2,200
691,130497,162.47666610777378,0.020000000000000018,3.7,0,1,200
692,130697,165.69833379983902,0.025000000000000022,3.215,0,1,200
693,130897,159.2616655677557,0.04500000000000004,3.565,0,1,200
694,131097,156.06000006198883,0.05500000000000005,3.72,0,1,200
695,131297,163.23999972641468,0.03500000000000003,3.36,0,0,200
696,131497,157.00000027567148,0.07499999999999996,3.15,0,1,200
697,131697,164.15999937057495,0.040000000000000036,3.09,0,1,200
698,131897,152.08999948203564,0.07999999999999996,3.45,0,3,200
699,132097,163.92833270132542,0.030000000000000027,3.455,0,1,200
700,132297,157.59000001847744,0.03500000000000003,3.72,0,5,200
701,132497,165.20666527748108,0.020000000000000018,3.49,0,1,200
702,132697,164.5616666227579,0.030000000000000027,3.295,0,1,200
703,132897,165.16666743159294,0.030000000000000027,3.19,0,1,200
704,133097,164.04666627943516,0.010000000000000009,3.7,0,1,200
705,133297,163.7966655343771,0.020000000000000018,3.61,0,1,200
706,133497,164.90000076591969,0.03500000000000003,3.12,0,1,200
707,133697,165.85833486914635,0.025000000000000022,3.185,0,1,200
708,133897,172.16000175476074,0.0050000000000000044,3.0,0,0,200
709,134097,160.3083322867751,0.050000000000000044,3.455,0,0,200
710,134297,163.30833308398724,0.025000000000000022,3.425,0,2,200
711,134497,173.03166741132736,0.0,3.055,0,0,200
712,134697,163.9399999678135,0.020000000000000018,3.45,0,1,200
713,134897,164.17333430051804,0.040000000000000036,2.99,0,3,200
714,135097,168.82500129938126,0.010000000000000009,3.075,0,1,200
715,135297,164.2966669499874,0.020000000000000018,3.31,0,3,200
716,135497,169.10333335399628,0.0,3.44,0,1,200
717,135697,165.41833343356848,0.030000000000000027,3.215,0,1,200
718,135897,162.08333240449429,0.025000000000000022,3.53,0,3,200
719,136097,170.98166636377573,0.010000000000000009,3.115,0,1,200
720,136297,163.7183327227831,0.030000000000000027,3.425,0,1,200
721,136497,165.75166673958302,0.030000000000000027,3.175,0,1,200
722,136697,167.12333369255066,0.020000000000000018,3.2,0,1,200
723,136897,163.65166588127613,0.020000000000000018,3.625,0,1,200
724,137097,167.32166630029678,0.0,3.655,0,0,200
725,137297,169.4299995303154,0.0,3.48,0,0,200
726,137497,165.95999978482723,0.030000000000000027,3.15,0,1,200
727,137697,161.24999997019768,0.04500000000000004,3.36,0,1,200
728,137897,161.06000047922134,0.015000000000000013,4.08,0,1,200
729,138097,166.2433329373598,0.030000000000000027,3.23,0,0,200
730,138297,156.43166579306126,0.050000000000000044,3.595,0,3,200
731,138497,168.5816664248705,0.010000000000000009,3.355,0,0,200
732,138697,159.08166573941708,0.03500000000000003,3.775,0,1,200
733,138897,162.55333483219147,0.020000000000000018,3.8,0,0,200
734,139097,170.8383343219757,0.010000000000000009,3.035,0,1,200
735,139297,165.37166544795036,0.010000000000000009,3.685,0,0,200
736,139497,167.71000011265278,0.020000000000000018,3.24,0,0,200
737,139697,159.44500072300434,0.050000000000000044,3.195,0,4,200
738,139897,164.47166457772255,0.025000000000000022,3.595,0,0,200
739,140097,164.20666560530663,0.030000000000000027,3.43,0,0,200
740,140297,158.80166608840227,0.04500000000000004,3.415,0,3,200
741,140497,165.29333356022835,0.030000000000000027,3.2,0,0,200
742,140697,156.6566662415862,0.05500000000000005,3.52,0,2,200
743,140897,165.47333313524723,0.025000000000000022,3.32,0,0,200
744,141097,160.83166754245758,0.04500000000000004,3.085,0,4,200
745,141297,161.43166670948267,0.03500000000000003,3.445,0,2,200
746,141497,148.55333204567432,0.08499999999999996,3.74,0,3,200
747,141697,160.97166653722525,0.030000000000000027,3.745,0,1,200
748,141897,156.54833275079727,0.06000000000000005,3.545,0,1,200
749,142097,164.47166660428047,0.015000000000000013,3.775,0,0,200
750,142297,160.84666602313519,0.030000000000000027,3.67,0,2,200
751,142497,171.06833347678185,0.0050000000000000044,3.185,0,0,200
752,142697,170.0083327293396,0.0,3.425,0,0,200
753,142897,162.58999814093113,0.010000000000000009,3.99,0,1,200
754,143097,161.86333194375038,0.020000000000000018,3.8,0,1,200
755,143297,156.47500072419643,0.020000000000000018,4.395,0,2,200
756,143497,163.8083322197199,0.020000000000000018,3.605,0,1,200
757,143697,163.9833322763443,0.030000000000000027,3.41,0,1,200
758,143897,168.94500021636486,0.010000000000000009,3.165,0,2,200
759,144097,170.09833419322968,0.015000000000000013,2.855,0,4,200
760,144297,168.46166670322418,0.0,3.505,0,0,200
761,144497,169.08166682720184,0.0050000000000000044,3.325,0,0,200
762,144697,168.8016666173935,0.0,3.445,0,1,200
763,144897,165.83166670799255,0.015000000000000013,3.415,0,1,200
764,145097,168.41666719317436,0.015000000000000013,3.16,0,1,200
765,145297,169.9883331656456,0.0050000000000000044,3.305,0,0,200
766,145497,163.41999952495098,0.030000000000000027,3.45,0,0,200
767,145697,171.81333433836699,0.015000000000000013,2.9,0,0,200
768,145897,169.1966677904129,0.010000000000000009,3.16,0,0,200
769,146097,153.37166561186314,0.06499999999999995,3.625,0,3,200
770,146297,161.02666717022657,0.05500000000000005,3.07,0,2,200
771,146497,165.1383339241147,0.040000000000000036,2.975,0,2,200
772,146697,166.69499965012074,0.020000000000000018,3.285,0,1,200
773,146897,160.1849994547665,0.030000000000000027,3.615,0,1,200
774,147097,162.38833178579807,0.03500000000000003,3.545,0,0,200
775,147297,158.88000002503395,0.050000000000000044,3.48,0,0,200
776,147497,167.27666637301445,0.020000000000000018,3.25,0,1,200
777,147697,164.31499962508678,0.010000000000000009,3.825,0,1,200
778,147897,161.4233317822218,0.03500000000000003,3.62,0,0,200
779,148097,161.58500036597252,0.050000000000000044,3.105,0,2,200
780,148297,166.0083330720663,0.025000000000000022,3.335,0,0,200
781,148497,164.176667034626,0.040000000000000036,3.1,0,1,200
782,148697,162.40166927874088,0.040000000000000036,3.295,0,0,200
783,148897,167.8316676914692,0.015000000000000013,3.265,0,0,200
784,149097,158.94999998807907,0.05500000000000005,3.27,0,2,200
785,149297,149.11999782919884,0.07499999999999996,3.96,0,2,200
786,149497,164.77666649967432,0.03500000000000003,3.19,0,1,200
787,149697,166.90666522085667,0.010000000000000009,3.58,0,0,200
788,149897,165.48666723817587,0.030000000000000027,3.16,0,1,200
789,150097,164.411666482687,0.030000000000000027,3.325,0,0,200
790,150297,170.7133339047432,0.0,3.29,0,0,200
791,150497,171.7550001963973,0.0050000000000000044,3.105,0,1,200
792,150697,161.63666632026434,0.03500000000000003,3.34,0,3,200
793,150897,159.32000090181828,0.04500000000000004,3.39,0,3,200
794,151097,143.88833436369896,0.08999999999999997,4.175,0,1,200
795,151297,169.9533333182335,0.010000000000000009,3.23,0,0,200
796,151497,154.93333223462105,0.05500000000000005,3.65,0,4,200
797,151697,161.34166756272316,0.04500000000000004,3.325,0,0,200
798,151897,162.54666623473167,0.040000000000000036,3.37,0,0,200
799,152097,164.11166678369045,0.030000000000000027,3.385,0,0,200
800,152297,166.47333373874426,0.020000000000000018,3.29,0,0,200
801,152497,162.35833370685577,0.04500000000000004,3.185,0,1,200
802,152697,164.71166570484638,0.010000000000000009,3.565,0,4,200
803,152897,168.44833362102509,0.0,3.485,0,0,200
804,153097,163.2766666561365,0.03500000000000003,3.31,0,1,200
805,153297,168.95166689157486,0.0050000000000000044,3.265,0,1,200
806,153497,166.8050004541874,0.015000000000000013,3.285,0,2,200
807,153697,165.24166701734066,0.025000000000000022,3.295,0,0,200
808,153897,169.004999473691,0.010000000000000009,3.345,0,0,200
809,154097,162.29833301901817,0.025000000000000022,3.455,0,3,200
810,154297,164.3916651904583,0.020000000000000018,3.655,0,0,200
811,154497,156.65999872982502,0.05500000000000005,3.63,0,1,200
812,154697,168.63666605949402,0.0050000000000000044,3.4,0,1,200
813,154897,165.37666679918766,0.015000000000000013,3.49,0,1,200
814,155097,165.4483328908682,0.020000000000000018,3.335,0,3,200
815,155297,167.6666674911976,0.010000000000000009,3.22,0,1,200
816,155497,151.01333386451006,0.06499999999999995,3.8,0,5,200
817,155697,166.04166628420353,0.020000000000000018,3.325,0,1,200
818,155897,171.255000770092,0.010000000000000009,3.045,0,0,200
819,156097,168.5983323454857,0.010000000000000009,3.425,0,0,200
820,156297,168.3616672307253,0.015000000000000013,3.235,0,0,200
821,156497,172.831667304039,0.0,3.115,0,0,200
822,156697,166.49833323061466,0.030000000000000027,3.095,0,2,200
823,156897,160.0116671845317,0.050000000000000044,3.175,0,4,200
824,157097,158.6416661143303,0.05500000000000005,3.325,0,2,200
825,157297,167.26999977231026,0.020000000000000018,3.27,0,0,200
826,157497,171.94166725873947,0.0050000000000000044,3.055,0,1,200
827,157697,159.34333373606205,0.04500000000000004,3.47,0,1,200
828,157897,162.02166637778282,0.030000000000000027,3.655,0,0,200
829,158097,166.77833303809166,0.015000000000000013,3.365,0,1,200
830,158297,168.43833416700363,0.0,3.515,0,0,200
831,158497,165.7066662311554,0.010000000000000009,3.49,0,1,200
832,158697,162.82833268493414,0.030000000000000027,3.365,0,3,200
833,158897,170.6933332681656,0.010000000000000009,3.17,0,0,200
834,159097,162.11666579544544,0.030000000000000027,3.43,0,2,200
835,159297,164.37999951839447,0.03500000000000003,3.3,0,0,200
836,159497,161.92666691541672,0.03500000000000003,3.31,0,3,200
837,159697,158.7199986577034,0.050000000000000044,3.48,0,2,200
838,159897,165.4666668921709,0.030000000000000027,3.19,0,1,200
839,160097,173.57166806608438,0.0050000000000000044,2.905,0,0,200
840,160297,154.0633323714137,0.06000000000000005,3.71,0,2,200
841,160497,163.4483328908682,0.025000000000000022,3.395,0,4,200
842,160697,164.35499961674213,0.025000000000000022,3.495,0,0,200
843,160897,163.67333367466927,0.020000000000000018,3.68,0,0,200
844,161097,164.1083323955536,0.015000000000000013,3.515,0,3,200
845,161297,162.70999911427498,0.015000000000000013,3.69,0,2,200
846,161497,161.49333241581917,0.040000000000000036,3.41,0,2,200
847,161697,167.11666584014893,0.0050000000000000044,3.55,0,1,200
848,161897,160.40833245962858,0.03500000000000003,3.485,0,3,200
849,162097,167.82000088691711,0.025000000000000022,3.0,0,1,200
850,162297,164.1166657358408,0.020000000000000018,3.49,0,2,200
851,162497,161.32833249866962,0.025000000000000022,3.785,0,0,200
852,162697,165.41833399236202,0.030000000000000027,3.095,0,1,200
853,162897,162.8616665750742,0.040000000000000036,3.265,0,1,200
854,163097,162.44999922811985,0.030000000000000027,3.51,0,1,200
855,163297,166.09666833281517,0.015000000000000013,3.4,0,1,200
856,163497,159.63999885320663,0.03500000000000003,3.57,0,3,200
857,163697,161.86166656017303,0.025000000000000022,3.745,0,1,200
858,163897,168.54333282262087,0.010000000000000009,3.23,0,2,200
859,164097,162.93999928981066,0.040000000000000036,3.36,0,0,200
860,164297,157.56333182752132,0.04500000000000004,3.65,0,3,200
861,164497,157.61666618287563,0.050000000000000044,3.46,0,3,200
862,164697,161.64333468675613,0.040000000000000036,3.17,0,2,200
863,164897,155.7849985063076,0.050000000000000044,3.705,0,3,200
864,165097,169.55666761100292,0.0050000000000000044,3.22,0,1,200
865,165297,168.24666824936867,0.03500000000000003,2.86,0,0,200
866,165497,167.1166658550501,0.025000000000000022,3.28,0,0,200
867,165697,168.33333325386047,0.0,3.53,0,0,200
868,165897,160.9633327126503,0.03500000000000003,3.56,0,1,200
869,166097,171.34499967098236,0.0,3.315,0,0,200
870,166297,159.64666632562876,0.03500000000000003,3.76,0,2,200
871,166497,169.19666630029678,0.0050000000000000044,3.4,0,0,200
872,166697,171.09833458065987,0.010000000000000009,3.065,0,0,200
873,166897,163.69000002741814,0.020000000000000018,3.57,0,2,200
874,167097,161.33499900251627,0.03500000000000003,3.375,0,4,200
875,167297,162.70333389937878,0.0050000000000000044,4.1,0,1,200
876,167497,150.4333327189088,0.07499999999999996,3.74,0,3,200
877,167697,162.9783332645893,0.030000000000000027,3.485,0,1,200
878,167897,164.37333430349827,0.040000000000000036,3.05,0,1,200
879,168097,159.87166713923216,0.020000000000000018,3.835,0,3,200
880,168297,166.57833196222782,0.0050000000000000044,3.635,0,1,200
881,168497,164.1199989914894,0.010000000000000009,3.93,0,0,200
882,168697,164.4016661196947,0.020000000000000018,3.505,0,2,200
883,168897,169.00000031292439,0.015000000000000013,3.21,0,0,200
884,169097,160.52499939501286,0.010000000000000009,4.275,0,1,200
885,169297,169.5716671347618,0.0050000000000000044,3.235,0,0,200
886,169497,167.1649999767542,0.015000000000000013,3.345,0,0,200
887,169697,160.89000017940998,0.04500000000000004,3.36,0,0,200
888,169897,162.8066644668579,0.010000000000000009,3.94,0,1,200
889,170097,163.7583332657814,0.030000000000000027,3.215,0,4,200
890,170297,168.17666725814342,0.020000000000000018,3.16,0,0,200
891,170497,167.02666799724102,0.010000000000000009,3.4,0,1,200
892,170697,155.86166710406542,0.050000000000000044,3.865,0,1,200
893,170897,164.27999760210514,0.010000000000000009,3.84,0,1,200
894,171097,160.08833122253418,0.025000000000000022,3.845,0,2,200
895,171297,162.77999944984913,0.03500000000000003,3.45,0,0,200
896,171497,164.2999990582466,0.0050000000000000044,3.66,0,2,200
897,171697,163.23666736483574,0.015000000000000013,3.79,0,2,200
898,171897,161.15833112597466,0.020000000000000018,3.815,0,2,200
899,172097,165.3599989414215,0.0,3.96,0,0,200
900,172297,157.68166564404964,0.03500000000000003,3.805,0,3,200
901,172497,163.84166625142097,0.015000000000000013,3.715,0,0,200
902,172697,170.8033331632614,0.0,3.32,0,0,200
903,172897,165.5899993851781,0.015000000000000013,3.51,0,1,200
904,173097,167.08499890565872,0.0,3.675,0,0,200
905,173297,164.80000007152557,0.03500000000000003,3.15,0,1,200
906,173497,167.99833258986473,0.0050000000000000044,3.515,0,0,200
907,173697,160.26166580617428,0.03500000000000003,3.565,0,3,200
908,173897,157.48333137482405,0.040000000000000036,3.8,0,2,200
909,174097,164.10666358470917,0.010000000000000009,3.94,0,0,200
910,174297,168.43833321332932,0.010000000000000009,3.365,0,0,200
911,174497,163.62499921023846,0.010000000000000009,3.885,0,1,200
912,174697,162.7816665172577,0.020000000000000018,3.625,0,2,200
913,174897,154.0649995058775,0.025000000000000022,4.395,0,5,200
914,175097,168.03499820828438,0.0,3.645,0,1,200
915,175297,155.92666617408395,0.040000000000000036,3.85,0,3,200
916,175497,163.3283348744735,0.010000000000000009,3.845,0,1,200
917,175697,162.1616683974862,0.0050000000000000044,4.255,0,0,200
918,175897,163.37833146750927,0.0,3.935,0,2,200
919,176097,161.95333267748356,0.015000000000000013,3.95,0,1,200
920,176297,166.22166560590267,0.0,3.745,0,1,200
921,176497,163.89333225786686,0.0050000000000000044,4.07,0,0,200
922,176697,170.33666586875916,0.0,3.43,0,0,200
923,176897,159.93999947607517,0.010000000000000009,4.41,0,0,200
924,177097,164.0899994969368,0.030000000000000027,3.36,0,1,200
925,177297,158.8500007390976,0.015000000000000013,4.11,0,2,200
926,177497,157.2916658371687,0.06000000000000005,3.385,0,2,200
927,177697,170.58500027656555,0.0050000000000000044,3.195,0,1,200
928,177897,172.851666867733,0.0,3.145,0,0,200
929,178097,161.46499928086996,0.03500000000000003,3.585,0,1,200
930,178297,169.28833324462175,0.015000000000000013,3.185,0,0,200
931,178497,156.05999894440174,0.020000000000000018,4.53,0,1,200
932,178697,163.36666567623615,0.015000000000000013,3.85,0,0,200
933,178897,171.0583337545395,0.0,3.275,0,0,200
934,179097,154.29166620969772,0.030000000000000027,4.285,0,3,200
935,179297,162.62333185970783,0.025000000000000022,3.65,0,1,200
936,179497,163.6699990928173,0.010000000000000009,3.9,0,0,200
937,179697,164.90333077311516,0.010000000000000009,3.86,0,0,200
938,179897,158.1816670782864,0.04500000000000004,3.655,0,3,200
939,180097,164.60333383083344,0.010000000000000009,3.77,0,0,200
940,180297,169.56166714429855,0.0,3.355,0,0,200
941,180497,161.14833399653435,0.03500000000000003,3.395,0,3,200
942,180697,169.8050009906292,0.015000000000000013,3.135,0,0,200
943,180897,165.60833138227463,0.0050000000000000044,3.815,0,0,200
944,181097,170.4433331489563,0.0,3.35,0,0,200
945,181297,170.62166817486286,0.010000000000000009,3.055,0,0,200
946,181497,168.81499832868576,0.0,3.615,0,0,200
947,181697,166.50499941408634,0.0050000000000000044,3.555,0,1,200
948,181897,163.37166561186314,0.015000000000000013,3.745,0,0,200
949,182097,167.72500059008598,0.025000000000000022,3.075,0,1,200
950,182297,168.61333347856998,0.015000000000000013,3.17,0,1,200
951,182497,173.17333328723907,0.0,3.14,0,0,200
952,182697,164.96833223104477,0.0,3.995,0,0,200
953,182897,164.74833358824253,0.0050000000000000044,3.905,0,0,200
954,183097,160.51499989628792,0.015000000000000013,4.125,0,0,200
955,183297,159.7333336621523,0.03500000000000003,3.83,0,1,200
956,183497,165.07833242416382,0.015000000000000013,3.545,0,1,200
957,183697,167.36833307892084,0.010000000000000009,3.395,0,0,200
958,183897,165.44666658341885,0.0050000000000000044,3.67,0,1,200
959,184097,172.17833346128464,0.0,3.155,0,0,200
960,184297,170.5433337688446,0.0,3.32,0,0,200
961,184497,158.23166449368,0.030000000000000027,3.955,0,2,200
962,184697,165.2133333235979,0.015000000000000013,3.47,0,1,200
963,184897,166.65666510164738,0.015000000000000013,3.55,0,0,200
964,185097,155.28666430711746,0.04500000000000004,3.88,0,2,200
965,185297,164.94333238899708,0.0050000000000000044,3.92,0,0,200
966,185497,168.59499987214804,0.015000000000000013,3.225,0,1,200
967,185697,166.18666590750217,0.015000000000000013,3.4,0,2,200
968,185897,162.60166563093662,0.025000000000000022,3.715,0,0,200
969,186097,170.2466660141945,0.0,3.43,0,0,200
970,186297,156.93499916791916,0.030000000000000027,4.035,0,2,200
971,186497,164.55499885976315,0.020000000000000018,3.555,0,0,200
972,186697,166.54166759550571,0.015000000000000013,3.325,0,0,200
973,186897,165.02333436906338,0.015000000000000013,3.44,0,1,200
974,187097,162.60333251953125,0.020000000000000018,3.74,0,1,200
975,187297,166.30499935150146,0.015000000000000013,3.375,0,2,200
976,187497,163.2883344590664,0.040000000000000036,3.215,0,0,200
977,187697,170.5133334994316,0.0,3.26,0,1,200
978,187897,167.1983319669962,0.010000000000000009,3.515,0,1,200
979,188097,166.53333336114883,0.010000000000000009,3.47,0,0,200
980,188297,167.3783341795206,0.015000000000000013,3.125,0,3,200
981,188497,162.93333207070827,0.015000000000000013,3.92,0,0,200
982,188697,169.53833432495594,0.010000000000000009,3.155,0,0,200
983,188897,162.79333156347275,0.020000000000000018,3.74,0,1,200
984,189097,168.48000037670135,0.0,3.63,0,0,200
985,189297,159.13499848544598,0.025000000000000022,3.885,0,2,200
986,189497,165.1016674414277,0.020000000000000018,3.325,0,1,200
987,189697,166.9099982380867,0.0050000000000000044,3.66,0,1,200
988,189897,170.02666610479355,0.0,3.4,0,0,200
989,190097,169.74333387613297,0.010000000000000009,3.2,0,0,200
990,190297,165.42000082880259,0.030000000000000027,3.18,0,0,200
991,190497,160.30499961972237,0.030000000000000027,3.735,0,1,200
992,190697,162.38833370804787,0.025000000000000022,3.395,0,2,200
993,190897,162.62500071525574,0.010000000000000009,4.035,0,0,200
994,191097,163.1633313074708,0.015000000000000013,3.8,0,2,200
995,191297,167.3850013166666,0.015000000000000013,3.315,0,0,200
996,191497,158.12999966740608,0.030000000000000027,3.81,0,2,200
997,191697,157.97999866306782,0.040000000000000036,3.72,0,1,200
998,191897,165.364998370409,0.0,3.795,0,2,200
999,192097,155.90166752040386,0.030000000000000027,4.255,0,1,200
1000,192297,165.68666572868824,0.020000000000000018,3.46,0,0,200
1001,192497,163.2033323943615,0.020000000000000018,3.71,0,1,200
1002,192697,171.42500007152557,0.0,3.255,0,0,200
1003,192897,159.37666541337967,0.030000000000000027,3.82,0,2,200
1004,193097,170.98166573047638,0.0,3.385,0,0,200
1005,193297,165.25666700303555,0.015000000000000013,3.4,0,1,200
1006,193497,166.200000397861,0.03500000000000003,3.06,0,0,200
1007,193697,160.64499943703413,0.040000000000000036,3.435,0,2,200
1008,193897,172.83833429962397,0.015000000000000013,2.825,0,0,200
1009,194097,170.16333340108395,0.0050000000000000044,3.29,0,0,200
1010,194297,166.88999891281128,0.0,3.66,0,1,200
1011,194497,163.80833177268505,0.010000000000000009,3.815,0,0,200
1012,194697,160.88166722655296,0.025000000000000022,3.715,0,3,200
1013,194897,165.02499793469906,0.020000000000000018,3.645,0,0,200
1014,195097,161.01166428625584,0.020000000000000018,3.895,0,1,200
1015,195297,167.92499919235706,0.010000000000000009,3.435,0,0,200
1016,195497,164.59499818086624,0.010000000000000009,3.885,0,0,200
1017,195697,167.65333320200443,0.010000000000000009,3.41,0,0,200
1018,195897,165.8449995070696,0.015000000000000013,3.525,0,0,200
1019,196097,167.35000007599592,0.020000000000000018,3.21,0,1,200
1020,196297,164.80499896407127,0.020000000000000018,3.525,0,0,200
1021,196497,162.4350011870265,0.015000000000000013,4.065,0,0,200
1022,196697,167.6916647553444,0.0,3.685,0,0,200
1023,196897,162.24666538834572,0.0050000000000000044,4.0,0,2,200
1024,197097,166.3383327126503,0.0050000000000000044,3.605,0,1,200
1025,197297,161.21333241462708,0.015000000000000013,4.01,0,1,200
1026,197497,163.56166687607765,0.040000000000000036,3.115,0,2,200
1027,197697,164.50999829173088,0.0050000000000000044,3.87,0,0,200
1028,197897,168.41166611015797,0.015000000000000013,3.325,0,0,200
1029,198097,171.76666712760925,0.0,3.19,0,0,200
1030,198297,168.8149995803833,0.0,3.525,0,0,200
1031,198497,168.11333322525024,0.0,3.62,0,0,200
1032,198697,169.49666833877563,0.010000000000000009,3.13,0,0,200
1033,198897,155.73333333432674,0.04500000000000004,3.89,0,2,200
1034,199097,168.00999909639359,0.0050000000000000044,3.51,0,0,200
1035,199297,168.64000056684017,0.0050000000000000044,3.33,0,1,200
1036,199497,165.00166680663824,0.025000000000000022,3.205,0,4,200
1037,199697,165.86500069499016,0.025000000000000022,3.195,0,1,200
1038,199897,171.09166687726974,0.0050000000000000044,3.205,0,0,200
1039,200097,156.00166541337967,0.06000000000000005,3.595,0,0,200
1040,200297,164.8816653341055,0.0050000000000000044,3.775,0,1,200
1041,200497,169.20500099658966,0.015000000000000013,3.015,0,2,200
1042,200697,162.80500175058842,0.010000000000000009,4.065,0,0,200
1043,200897,162.3316683024168,0.025000000000000022,3.595,0,0,200
1044,201097,169.5566667765379,0.0050000000000000044,3.31,0,0,200
1045,201297,161.60499969124794,0.040000000000000036,3.345,0,1,200
1046,201497,167.19833391159773,0.015000000000000013,3.275,0,0,200
1047,201697,168.54999865591526,0.010000000000000009,3.45,0,0,200
1048,201897,166.01666522026062,0.0,3.73,0,2,200
1049,202097,165.37333124876022,0.0,3.95,0,0,200
1050,202297,169.5616666227579,0.015000000000000013,3.175,0,0,200
1051,202497,163.62833346426487,0.010000000000000009,3.905,0,0,200
1052,202697,170.80000072717667,0.0,3.27,0,0,200
1053,202897,162.71500238776207,0.015000000000000013,3.885,0,0,200
1054,203097,167.98166681826115,0.010000000000000009,3.355,0,0,200
1055,203297,164.29166661202908,0.030000000000000027,3.445,0,0,200
1056,203497,164.1250006556511,0.0,3.975,0,1,200
1057,203697,163.17166566848755,0.020000000000000018,3.655,0,1,200
1058,203897,164.15666669607162,0.015000000000000013,3.52,0,2,200
1059,204097,170.21000063419342,0.0,3.3,0,0,200
1060,204297,165.301666341722,0.020000000000000018,3.445,0,0,200
1061,204497,167.20833364129066,0.020000000000000018,3.185,0,1,200
1062,204697,164.4766674041748,0.015000000000000013,3.49,0,1,200
1063,204897,158.069999396801,0.040000000000000036,3.63,0,2,200
1064,205097,167.81666630506516,0.010000000000000009,3.4,0,0,200
1065,205297,166.36666531860828,0.015000000000000013,3.52,0,0,200
1066,205497,165.46499878168106,0.015000000000000013,3.555,0,0,200
1067,205697,163.15499955415726,0.025000000000000022,3.555,0,0,200
1068,205897,164.9549987912178,0.015000000000000013,3.495,0,2,200
1069,206097,167.45000010728836,0.010000000000000009,3.45,0,0,200
1070,206297,168.11166663467884,0.010000000000000009,3.385,0,0,200
1071,206497,169.64500033855438,0.0,3.375,0,1,200
1072,206697,158.35333259403706,0.050000000000000044,3.38,0,4,200
1073,206897,165.41333104670048,0.0050000000000000044,3.86,0,0,200
1074,207097,169.1983316540718,0.0,3.575,0,0,200
1075,207297,162.94166553020477,0.010000000000000009,3.835,0,2,200
1076,207497,163.70666716992855,0.040000000000000036,3.13,0,1,200
1077,207697,168.58000004291534,0.0050000000000000044,3.33,0,1,200
1078,207897,161.37999844551086,0.030000000000000027,3.63,0,1,200
1079,208097,168.92166739702225,0.015000000000000013,2.995,0,3,200
1080,208297,161.28833217918873,0.040000000000000036,3.425,0,2,200
1081,208497,170.65666604042053,0.0,3.34,0,1,200
1082,208697,168.508333645761,0.0050000000000000044,3.485,0,0,200
1083,208897,165.0500008240342,0.030000000000000027,3.12,0,2,200
1084,209097,170.38333350419998,0.0050000000000000044,3.26,0,0,200
1085,209297,162.39166636765003,0.030000000000000027,3.475,0,1,200
1086,209497,156.27999894320965,0.050000000000000044,3.54,0,5,200
1087,209697,165.4833337366581,0.015000000000000013,3.41,0,3,200
1088,209897,174.7266684770584,0.0,2.83,0,0,200
1089,210097,165.76833367347717,0.0,3.695,0,1,200
1090,210297,165.36999940872192,0.015000000000000013,3.6,0,0,200
1091,210497,163.80500029027462,0.010000000000000009,3.645,0,1,200
1092,210697,171.2866671681404,0.0,3.25,0,0,200
1093,210897,161.12333337962627,0.030000000000000027,3.74,0,0,200
1094,211097,163.66833245754242,0.03500000000000003,3.395,0,0,200
1095,211297,167.65333353728056,0.030000000000000027,3.02,0,0,200
1096,211497,157.62500063329935,0.050000000000000044,3.315,0,3,200
1097,211697,166.30833113193512,0.0050000000000000044,3.785,0,0,200
1098,211897,166.46833331882954,0.030000000000000027,3.125,0,1,200
1099,212097,166.51333302259445,0.0,3.68,0,1,200
1100,212297,166.49499990046024,0.010000000000000009,3.465,0,1,200
1101,212497,163.52333308756351,0.030000000000000027,3.32,0,3,200
1102,212697,169.7850006222725,0.0,3.375,0,0,200
1103,212897,162.69499897956848,0.020000000000000018,3.645,0,2,200
1104,213097,165.55000047385693,0.030000000000000027,3.12,0,1,200
1105,213297,168.96499925851822,0.0,3.495,0,1,200
1106,213497,154.729999512434,0.05500000000000005,3.57,0,3,200
1107,213697,160.32999907433987,0.040000000000000036,3.57,0,1,200
1108,213897,167.97166641056538,0.025000000000000022,3.085,0,0,200
1109,214097,172.2033343911171,0.010000000000000009,2.96,0,0,200
1110,214297,165.60666570067406,0.025000000000000022,3.4,0,0,200
1111,214497,163.41166768223047,0.020000000000000018,3.475,0,2,200
1112,214697,150.5349990874529,0.08499999999999996,3.585,0,2,200
1113,214897,164.18999913334846,0.030000000000000027,3.45,0,0,200
1114,215097,165.70666687190533,0.025000000000000022,3.13,0,4,200
1115,215297,161.3066683113575,0.030000000000000027,3.64,0,1,200
1116,215497,169.83333276212215,0.0050000000000000044,3.32,0,1,200
1117,215697,164.69499976933002,0.03500000000000003,3.255,0,0,200
1118,215897,164.98666566610336,0.015000000000000013,3.55,0,1,200
1119,216097,162.13166599720716,0.04500000000000004,3.265,0,1,200
1120,216297,166.7716660797596,0.015000000000000013,3.445,0,1,200
1121,216497,164.77500009536743,0.030000000000000027,3.375,0,0,200
1122,216697,172.50833332538605,0.0,3.185,0,0,200
1123,216897,165.8949985653162,0.015000000000000013,3.555,0,0,200
1124,217097,159.88833194971085,0.040000000000000036,3.695,0,0,200
1125,217297,166.12333257496357,0.0050000000000000044,3.59,0,2,200
1126,217497,171.55166709423065,0.0,3.235,0,0,200
1127,217697,161.85166510939598,0.030000000000000027,3.685,0,0,200
1128,217897,163.84833221137524,0.025000000000000022,3.605,0,0,200
1129,218097,166.54833433032036,0.020000000000000018,3.275,0,0,200
1130,218297,169.50166675448418,0.0050000000000000044,3.325,0,0,200
1131,218497,167.40166644752026,0.015000000000000013,3.385,0,0,200
1132,218697,167.10333409905434,0.020000000000000018,3.17,0,1,200
1133,218897,167.096665635705,0.0050000000000000044,3.61,0,0,200
1134,219097,168.32166650891304,0.0,3.475,0,1,200
1135,219297,167.9633349776268,0.015000000000000013,3.2,0,0,200
1136,219497,168.4000004529953,0.010000000000000009,3.27,0,0,200
1137,219697,162.66333313286304,0.030000000000000027,3.59,0,0,200
1138,219897,165.15333425998688,0.030000000000000027,3.26,0,0,200
1139,220097,165.28333216905594,0.015000000000000013,3.53,0,2,200
1140,220297,168.68833423405886,0.03500000000000003,2.735,0,1,200
1141,220497,161.33000054955482,0.030000000000000027,3.69,0,1,200
1142,220697,163.81333193182945,0.025000000000000022,3.44,0,3,200
1143,220897,166.84000006318092,0.020000000000000018,3.18,0,2,200
1144,221097,160.12833265960217,0.040000000000000036,3.695,0,0,200
1145,221297,162.9333319887519,0.030000000000000027,3.59,0,1,200
1146,221497,164.1583342924714,0.020000000000000018,3.605,0,1,200
1147,221697,165.08833223581314,0.015000000000000013,3.515,0,1,200
1148,221897,170.37666672468185,0.0050000000000000044,3.25,0,0,200
1149,222097,152.10166750103235,0.06999999999999995,3.595,0,3,200
1150,222297,165.65833182632923,0.020000000000000018,3.515,0,0,200
1151,222497,166.8933330923319,0.015000000000000013,3.47,0,0,200
1152,222697,170.08333379030228,0.010000000000000009,3.14,0,0,200
1153,222897,162.7316656112671,0.03500000000000003,3.505,0,1,200
1154,223097,164.77166666090488,0.030000000000000027,3.235,0,1,200
1155,223297,166.81333443522453,0.030000000000000027,3.02,0,1,200
1156,223497,163.52333440631628,0.05500000000000005,2.84,0,1,200
1157,223697,166.0916665494442,0.020000000000000018,3.325,0,1,200
1158,223897,169.81833324208856,0.0,3.275,0,2,200
1159,224097,163.45833318680525,0.040000000000000036,3.215,0,1,200
1160,224297,164.00499917566776,0.03500000000000003,3.375,0,0,200
1161,224497,164.33666587620974,0.03500000000000003,3.19,0,3,200
1162,224697,160.52166679501534,0.05500000000000005,3.265,0,1,200
1163,224897,169.56000001728535,0.0050000000000000044,3.36,0,0,200
1164,225097,169.09166736900806,0.010000000000000009,3.145,0,2,200
1165,225297,169.47833354771137,0.0050000000000000044,3.305,0,1,200
1166,225497,168.84166729450226,0.0,3.565,0,0,200
1167,225697,162.210000410676,0.030000000000000027,3.48,0,2,200
1168,225897,164.93333312869072,0.0050000000000000044,3.71,0,2,200
1169,226097,161.87666586786509,0.030000000000000027,3.61,0,1,200
1170,226297,173.9716671705246,0.0050000000000000044,2.935,0,0,200
1171,226497,165.31833497434855,0.025000000000000022,3.425,0,0,200
1172,226697,166.20999951660633,0.020000000000000018,3.33,0,1,200
1173,226897,159.1799993366003,0.04500000000000004,3.6,0,1,200
1174,227097,172.11833387613297,0.0,3.155,0,0,200
1175,227297,166.0816653072834,0.0050000000000000044,3.715,0,1,200
1176,227497,163.15000001341105,0.050000000000000044,3.03,0,1,200
1177,227697,164.62833124399185,0.015000000000000013,3.695,0,1,200
1178,227897,157.84833446890116,0.06000000000000005,3.185,0,4,200
1179,228097,158.70999811589718,0.050000000000000044,3.54,0,2,200
1180,228297,166.3733326047659,0.015000000000000013,3.47,0,0,200
1181,228497,168.67833375185728,0.020000000000000018,3.095,0,1,200
1182,228697,166.33333361148834,0.0,3.95,0,0,200
1183,228897,161.32999993860722,0.03500000000000003,3.51,0,1,200
1184,229097,160.66666586697102,0.040000000000000036,3.34,0,4,200
1185,229297,165.31499868631363,0.020000000000000018,3.435,0,2,200
1186,229497,171.18000070750713,0.010000000000000009,2.97,0,2,200
1187,229697,169.97166687250137,0.015000000000000013,3.085,0,1,200
1188,229897,164.43333361297846,0.025000000000000022,3.5,0,1,200
1189,230097,167.21999794244766,0.0050000000000000044,3.69,0,0,200
1190,230297,162.5533331632614,0.03500000000000003,3.35,0,1,200
1191,230497,171.76333355903625,0.0050000000000000044,3.08,0,1,200
1192,230697,161.90666604042053,0.030000000000000027,3.64,0,1,200
1193,230897,170.49333226680756,0.0,3.44,0,0,200
1194,231097,161.08000115305185,0.04500000000000004,3.42,0,1,200
1195,231297,167.51833251863718,0.015000000000000013,3.395,0,0,200
1196,231497,164.81166642904282,0.0,4.165,0,0,200
1197,231697,167.17499959468842,0.010000000000000009,3.435,0,0,200
1198,231897,164.961664929986,0.020000000000000018,3.595,0,0,200
1199,232097,162.0716647952795,0.025000000000000022,3.625,0,3,200
1200,232297,168.84333319962025,0.010000000000000009,3.32,0,0,200
1201,232497,168.04166701436043,0.020000000000000018,3.205,0,0,200
1202,232697,169.11499905586243,0.010000000000000009,3.375,0,0,200
1203,232897,163.49666862934828,0.020000000000000018,3.55,0,2,200
1204,233097,154.55833159387112,0.06000000000000005,3.545,0,5,200
1205,233297,166.08499898016453,0.015000000000000013,3.495,0,1,200
1206,233497,165.32333359867334,0.03500000000000003,3.05,0,2,200
1207,233697,166.53666618466377,0.020000000000000018,3.37,0,0,200
1208,233897,168.96000050008297,0.015000000000000013,3.18,0,0,200
1209,234097,160.6449991762638,0.030000000000000027,3.585,0,2,200
1210,234297,167.14499886333942,0.015000000000000013,3.375,0,1,200
1211,234497,173.75500059127808,0.0,3.045,0,0,200
1212,234697,165.82000003755093,0.030000000000000027,3.09,0,2,200
1213,234897,162.5999989360571,0.025000000000000022,3.54,0,3,200
1214,235097,166.06999915838242,0.020000000000000018,3.33,0,2,200
1215,235297,166.74333131313324,0.0,3.89,0,0,200
1216,235497,163.96666684746742,0.020000000000000018,3.34,0,3,200
1217,235697,162.6566667854786,0.025000000000000022,3.52,0,3,200
1218,235897,169.9483343437314,0.020000000000000018,2.885,0,2,200
1219,236097,162.36833341419697,0.03500000000000003,3.395,0,3,200
1220,236297,167.58166666328907,0.015000000000000013,3.295,0,1,200
1221,236497,163.95666660368443,0.030000000000000027,3.25,0,3,200
1222,236697,164.1883337944746,0.03500000000000003,3.215,0,1,200
1223,236897,164.50833413004875,0.030000000000000027,3.155,0,2,200
1224,237097,166.4050001949072,0.030000000000000027,3.195,0,0,200
1225,237297,159.31499826908112,0.040000000000000036,3.675,0,1,200
1226,237497,161.4533318132162,0.020000000000000018,3.68,0,5,200
1227,237697,171.23000073432922,0.0050000000000000044,3.15,0,0,200
1228,237897,161.24499921500683,0.03500000000000003,3.615,0,0,200
1229,238097,158.95666647702456,0.03500000000000003,3.61,0,3,200
1230,238297,166.04166600108147,0.015000000000000013,3.415,0,2,200
1231,238497,164.3233337700367,0.010000000000000009,3.83,0,2,200
1232,238697,165.62166610360146,0.025000000000000022,3.385,0,0,200
1233,238897,163.1849995702505,0.03500000000000003,3.225,0,2,200
1234,239097,164.0549998730421,0.025000000000000022,3.285,0,2,200
1235,239297,168.94333201646805,0.0050000000000000044,3.5,0,0,200
1236,239497,159.0766655281186,0.05500000000000005,3.31,0,3,200
1237,239697,162.66500045359135,0.040000000000000036,3.135,0,2,200
1238,239897,154.46666690707207,0.015000000000000013,4.9,0,1,200
1239,240097,168.64999955892563,0.0050000000000000044,3.36,0,1,200
1240,240297,170.88833284378052,0.0,3.365,0,0,200
1241,240497,167.04333359003067,0.0,3.83,0,0,200
1242,240697,163.5616665482521,0.025000000000000022,3.265,0,3,200
1243,240897,168.07499952614307,0.010000000000000009,3.375,0,1,200
1244,241097,160.60499827563763,0.04500000000000004,3.495,0,1,200
1245,241297,164.4416659027338,0.025000000000000022,3.415,0,1,200
1246,241497,167.27666549384594,0.015000000000000013,3.4,0,1,200
1247,241697,164.49666623026133,0.030000000000000027,3.31,0,1,200
1248,241897,163.9666662812233,0.040000000000000036,3.13,0,1,200
1249,242097,161.8216658681631,0.040000000000000036,3.325,0,2,200
1250,242297,159.90000015497208,0.040000000000000036,3.3,0,4,200
1251,242497,170.3866667151451,0.015000000000000013,3.01,0,2,200
1252,242697,166.15999941527843,0.020000000000000018,3.33,0,2,200
1253,242897,164.80333352833986,0.03500000000000003,3.05,0,3,200
1254,243097,165.01499897241592,0.010000000000000009,3.615,0,3,200
1255,243297,163.3683346286416,0.04500000000000004,2.885,0,2,200
1256,243497,163.70999834686518,0.015000000000000013,3.54,0,5,200
1257,243697,170.32999981939793,0.010000000000000009,3.21,0,0,200
1258,243897,164.37166667729616,0.040000000000000036,3.115,0,1,200
1259,244097,168.53666734695435,0.015000000000000013,3.13,0,0,200
1260,244297,160.21666610240936,0.04500000000000004,3.25,0,4,200
1261,244497,158.69833353161812,0.06000000000000005,3.095,0,4,200
1262,244697,159.33999943733215,0.05500000000000005,3.3,0,2,200
1263,244897,169.5433350726962,0.03500000000000003,2.6,0,1,200
1264,245097,170.52999979257584,0.010000000000000009,3.12,0,1,200
1265,245297,170.79333329945803,0.010000000000000009,3.14,0,0,200
1266,245497,165.57999946177006,0.010000000000000009,3.75,0,0,200
1267,245697,164.41000045835972,0.040000000000000036,3.06,0,2,200
1268,245897,160.50166714191437,0.04500000000000004,3.475,0,0,200
1269,246097,158.82999999821186,0.050000000000000044,3.51,0,1,200
1270,246297,160.63999854773283,0.040000000000000036,3.54,0,1,200
1271,246497,161.10999937355518,0.04500000000000004,3.24,0,2,200
1272,246697,164.21166637912393,0.020000000000000018,3.325,0,3,200
1273,246897,160.04333272576332,0.040000000000000036,3.29,0,6,200
1274,247097,172.41166746616364,0.0050000000000000044,3.055,0,0,200
1275,247297,157.70333206653595,0.040000000000000036,3.83,0,2,200
1276,247497,163.27833192050457,0.040000000000000036,3.365,0,0,200
1277,247697,157.74000078439713,0.0,4.8,0,3,200
1278,247897,140.8300004005432,0.0050000000000000044,6.27,0,1,200
1279,248097,170.8299989104271,0.0,3.39,0,0,200
1280,248297,169.54166454076767,0.0,3.595,0,0,200
1281,248497,162.07166458666325,0.030000000000000027,3.625,0,2,200
1282,248697,164.72499994933605,0.040000000000000036,3.105,0,1,200
1283,248897,162.65666722506285,0.03500000000000003,3.49,0,0,200
1284,249097,159.63166578114033,0.030000000000000027,3.955,0,0,200
1285,249297,160.40833286941051,0.040000000000000036,3.455,0,3,200
1286,249497,161.6166663467884,0.030000000000000027,3.73,0,0,200
1287,249697,167.82500079274178,0.020000000000000018,3.105,0,2,200
1288,249897,163.49666448682547,0.025000000000000022,3.64,0,0,200
1289,250097,169.92666679620743,0.010000000000000009,3.1,0,2,200
1290,250297,162.84333230555058,0.03500000000000003,3.32,0,2,200
1291,250497,172.98000019788742,0.0,3.09,0,1,200
1292,250697,173.1900001168251,0.0,3.12,0,0,200
1293,250897,165.66499926894903,0.020000000000000018,3.375,0,1,200
1294,251097,167.07166577875614,0.010000000000000009,3.535,0,1,200
1295,251297,166.95666575431824,0.0050000000000000044,3.52,0,2,200
1296,251497,166.70499999821186,0.030000000000000027,3.105,0,0,200
1297,251697,169.55499857664108,0.0,3.525,0,0,200
1298,251897,123.7366655766964,0.0,8.95,0,0,200
1299,252097,156.09333378076553,0.020000000000000018,4.46,0,1,200
1300,252297,157.61666762828827,0.03500000000000003,3.97,0,2,200
1301,252497,161.30999982357025,0.03500000000000003,3.3,0,4,200
1302,252697,165.5283314138651,0.015000000000000013,3.665,0,0,200
1303,252897,167.22833187878132,0.010000000000000009,3.575,0,0,200
1304,253097,167.14833123981953,0.010000000000000009,3.635,0,0,200
1305,253297,168.30833341181278,0.010000000000000009,3.335,0,0,200
1306,253497,166.33333231508732,0.0050000000000000044,3.65,0,1,200
1307,253697,168.26666685193777,0.025000000000000022,3.01,0,1,200
1308,253897,163.4149983227253,0.030000000000000027,3.495,0,1,200
1309,254097,162.25666698813438,0.03500000000000003,3.22,0,4,200
1310,254297,158.1166646927595,0.050000000000000044,3.61,0,2,200
1311,254497,170.20833364129066,0.0050000000000000044,3.305,0,0,200
1312,254697,162.7916674911976,0.015000000000000013,3.745,0,1,200
1313,254897,172.8700007200241,0.0050000000000000044,2.94,0,1,200
1314,255097,166.1433339715004,0.0,3.74,0,1,200
1315,255297,168.56499953567982,0.020000000000000018,3.195,0,0,200
1316,255497,169.70666636526585,0.015000000000000013,3.13,0,1,200
1317,255697,169.1483337506652,0.020000000000000018,2.945,0,3,200
1318,255897,163.53166629374027,0.015000000000000013,3.715,0,1,200
1319,256097,161.83166597783566,0.030000000000000027,3.535,0,2,200
1320,256297,165.17666539549828,0.010000000000000009,3.7,0,0,200
1321,256497,170.2166669368744,0.0050000000000000044,3.22,0,1,200
1322,256697,162.38666601479053,0.020000000000000018,3.79,0,1,200
1323,256897,168.6466645002365,0.0,3.67,0,0,200
1324,257097,158.81166516244411,0.040000000000000036,3.565,0,3,200
1325,257297,159.718332991004,0.04500000000000004,3.605,0,0,200
1326,257497,165.1133333146572,0.025000000000000022,3.17,0,4,200
1327,257697,171.90500056743622,0.0,3.135,0,1,200
1328,257897,166.85166577994823,0.010000000000000009,3.625,0,0,200
1329,258097,159.56333257257938,0.06000000000000005,3.29,0,1,200
1330,258297,164.8083303719759,0.015000000000000013,3.815,0,0,200
1331,258497,161.1183319091797,0.04500000000000004,3.425,0,1,200
1332,258697,170.26833319664001,0.0050000000000000044,3.275,0,0,200
1333,258897,163.7583328485489,0.030000000000000027,3.215,0,4,200
1334,259097,164.45000100135803,0.025000000000000022,3.21,0,5,200
1335,259297,165.44666646420956,0.025000000000000022,3.31,0,1,200
1336,259497,164.3416662812233,0.020000000000000018,3.535,0,1,200
1337,259697,170.03499978780746,0.0050000000000000044,3.255,0,1,200
1338,259897,168.27666549384594,0.010000000000000009,3.43,0,0,200
1339,260097,171.42166651785374,0.010000000000000009,3.085,0,1,200
1340,260297,163.0683315396309,0.020000000000000018,3.695,0,1,200
1341,260497,163.79166477918625,0.020000000000000018,3.685,0,1,200
1342,260697,169.48666685819626,0.0050000000000000044,3.49,0,0,200
1343,260897,170.8850003182888,0.0050000000000000044,3.195,0,0,200
1344,261097,170.11500000953674,0.0,3.195,0,3,200
1345,261297,160.14333286881447,0.025000000000000022,3.83,0,2,200
1346,261497,169.94833153486252,0.0,3.515,0,0,200
1347,261697,158.97333398461342,0.015000000000000013,4.28,0,1,200
1348,261897,160.58166475594044,0.03500000000000003,3.805,0,0,200
1349,262097,168.49833346903324,0.010000000000000009,3.185,0,3,200
1350,262297,159.63166800886393,0.025000000000000022,3.835,0,4,200
1351,262497,166.31999924778938,0.0050000000000000044,3.63,0,1,200
1352,262697,168.42500020563602,0.015000000000000013,3.255,0,1,200
1353,262897,166.6616639830172,0.0,3.805,0,1,200
1354,263097,164.31166619062424,0.015000000000000013,3.805,0,0,200
1355,263297,168.96166649460793,0.0,3.445,0,1,200
1356,263497,167.78833436965942,0.010000000000000009,3.455,0,1,200
1357,263697,169.50333274900913,0.0050000000000000044,3.5,0,0,200
1358,263897,155.5533342808485,0.050000000000000044,3.89,0,2,200
1359,264097,157.79666884895414,0.030000000000000027,4.09,0,1,200
1360,264297,162.91000129282475,0.025000000000000022,3.72,0,0,200
1361,264497,163.74666546285152,0.030000000000000027,3.4,0,1,200
1362,264697,167.70333288609982,0.015000000000000013,3.35,0,0,200
1363,264897,167.74166603386402,0.010000000000000009,3.355,0,1,200
1364,265097,160.7749970704317,0.025000000000000022,3.885,0,2,200
1365,265297,165.0049993097782,0.040000000000000036,3.195,0,0,200
1366,265497,165.58833169937134,0.015000000000000013,3.575,0,0,200
1367,265697,169.6849997639656,0.010000000000000009,3.255,0,0,200
1368,265897,163.14166460186243,0.020000000000000018,3.715,0,1,200
1369,266097,161.29833265393972,0.04500000000000004,3.155,0,4,200
1370,266297,160.00500056147575,0.025000000000000022,3.945,0,1,200
1371,266497,164.0583340525627,0.03500000000000003,2.915,0,6,200
1372,266697,168.4450011178851,0.025000000000000022,2.985,0,0,200
1373,266897,171.76833361387253,0.0,3.125,0,1,200
1374,267097,172.64000099897385,0.0050000000000000044,3.0,0,0,200
1375,267297,163.54166500270367,0.030000000000000027,3.535,0,0,200
1376,267497,157.93666550517082,0.06000000000000005,3.37,0,2,200
1377,267697,164.92999954521656,0.015000000000000013,3.42,0,3,200
1378,267897,166.21166587620974,0.025000000000000022,3.295,0,0,200
1379,268097,158.42333365231752,0.040000000000000036,3.71,0,2,200
1380,268297,155.63833056390285,0.05500000000000005,3.785,0,2,200
1381,268497,168.0783325433731,0.0,3.335,0,5,200
1382,268697,160.6916659772396,0.040000000000000036,3.475,0,1,200
1383,268897,157.47166430950165,0.03500000000000003,3.775,0,4,200
1384,269097,165.40666604042053,0.020000000000000018,3.37,0,2,200
1385,269297,160.0899995341897,0.05500000000000005,3.24,0,2,200
1386,269497,169.51833401620388,0.025000000000000022,2.915,0,1,200
1387,269697,165.4549989104271,0.020000000000000018,3.435,0,2,200
1388,269897,165.21499998867512,0.030000000000000027,3.165,0,2,200
1389,270097,169.18000020831823,0.015000000000000013,3.15,0,1,200
1390,270297,164.73499923944473,0.03500000000000003,3.225,0,1,200
1391,270497,167.10666535794735,0.010000000000000009,3.52,0,0,200
1392,270697,168.89166704565287,0.020000000000000018,3.055,0,1,200
1393,270897,171.27000081539154,0.015000000000000013,2.88,0,1,200
1394,271097,156.44166600704193,0.05500000000000005,3.535,0,3,200
1395,271297,169.65333350747824,0.015000000000000013,3.14,0,0,200
1396,271497,167.96166616678238,0.020000000000000018,3.205,0,1,200
1397,271697,167.46833274513483,0.015000000000000013,3.335,0,1,200
1398,271897,163.56666596978903,0.03500000000000003,3.28,0,1,200
1399,272097,159.77333218604326,0.050000000000000044,3.5,0,1,200
1400,272297,163.95500008761883,0.03500000000000003,3.195,0,2,200
1401,272497,160.7816655188799,0.030000000000000027,3.625,0,3,200
1402,272697,166.3949996381998,0.020000000000000018,3.315,0,1,200
1403,272897,157.88500025123358,0.06499999999999995,3.285,0,1,200
1404,273097,168.81999921798706,0.0,3.57,0,0,200
1405,273297,166.59333232045174,0.020000000000000018,3.35,0,1,200
1406,273497,167.48833188414574,0.010000000000000009,3.455,0,1,200
1407,273697,170.09666466712952,0.0,3.55,0,0,200
1408,273897,160.91499903053045,0.050000000000000044,3.285,0,1,200
1409,274097,160.4033326804638,0.03500000000000003,3.59,0,2,200
1410,274297,167.0900001078844,0.020000000000000018,3.09,0,4,200
1411,274497,164.42499770224094,0.0050000000000000044,3.915,0,2,200
1412,274697,168.02166594564915,0.010000000000000009,3.475,0,0,200
1413,274897,165.80666683614254,0.020000000000000018,3.13,0,4,200
1414,275097,152.5266681527719,0.040000000000000036,4.33,0,2,200
1415,275297,169.0633327960968,0.015000000000000013,3.23,0,0,200
1416,275497,172.0533326268196,0.0,3.29,0,0,200
1417,275697,165.55666659027338,0.010000000000000009,3.61,0,3,200
1418,275897,165.77666528522968,0.020000000000000018,3.49,0,0,200
1419,276097,165.26166424155235,0.010000000000000009,3.685,0,1,200
1420,276297,162.66833180189133,0.015000000000000013,3.935,0,1,200
1421,276497,164.4566647708416,0.015000000000000013,3.76,0,1,200
1422,276697,165.1816650032997,0.010000000000000009,3.595,0,3,200
1423,276897,163.6283321082592,0.030000000000000027,3.515,0,0,200
1424,277097,165.3149983882904,0.010000000000000009,3.615,0,2,200
1425,277297,165.99999982118607,0.020000000000000018,3.27,0,2,200
1426,277497,167.45333190262318,0.015000000000000013,3.47,0,0,200
1427,277697,161.37666638195515,0.04500000000000004,3.31,0,1,200
1428,277897,160.513332657516,0.04500000000000004,3.2,0,6,200
1429,278097,165.8083318322897,0.025000000000000022,3.395,0,0,200
1430,278297,164.94833301752806,0.040000000000000036,3.095,0,1,200
1431,278497,169.78666657209396,0.010000000000000009,3.19,0,1,200
1432,278697,165.55666705965996,0.030000000000000027,3.07,0,2,200
1433,278897,164.68999841064215,0.015000000000000013,3.48,0,4,200
1434,279097,168.38166497647762,0.0050000000000000044,3.535,0,1,200
1435,279297,163.8449990004301,0.03500000000000003,3.315,0,1,200
1436,279497,160.83166460692883,0.040000000000000036,3.565,0,1,200
1437,279697,159.91666622459888,0.03500000000000003,3.73,0,2,200
1438,279897,165.10333205759525,0.020000000000000018,3.47,0,2,200
1439,280097,160.99333237111568,0.03500000000000003,3.56,0,1,200
1440,280297,164.76833353936672,0.04500000000000004,3.005,0,1,200
1441,280497,172.0350005030632,0.0050000000000000044,3.045,0,0,200
1442,280697,164.4383328333497,0.040000000000000036,3.155,0,1,200
1443,280897,169.4416663646698,0.010000000000000009,3.205,0,2,200
1444,281097,162.20166671276093,0.025000000000000022,3.595,0,2,200
1445,281297,172.0783333182335,0.0,3.215,0,0,200
1446,281497,163.67166551947594,0.030000000000000027,3.505,0,0,200
1447,281697,160.27499826997519,0.04500000000000004,3.495,0,1,200
1448,281897,172.95000112056732,0.0050000000000000044,2.94,0,0,200
1449,282097,164.82166576385498,0.025000000000000022,3.445,0,0,200
1450,282297,170.05500105768442,0.020000000000000018,2.835,0,2,200
1451,282497,164.8299997895956,0.0050000000000000044,3.93,0,1,200
1452,282697,163.1049988642335,0.040000000000000036,3.285,0,1,200
1453,282897,166.1016657948494,0.020000000000000018,3.385,0,1,200
1454,283097,162.92666558921337,0.040000000000000036,3.4,0,0,200
1455,283297,160.46166762709618,0.025000000000000022,3.985,0,1,200
1456,283497,158.92499976605177,0.04500000000000004,3.495,0,2,200
1457,283697,164.77666660398245,0.040000000000000036,3.13,0,0,200
1458,283897,143.77333250641823,0.13,3.08,0,4,200
1459,284097,162.19499984383583,0.025000000000000022,3.735,0,1,200
1460,284297,171.36666660010815,0.010000000000000009,3.1,0,0,200
1461,284497,166.95333313941956,0.020000000000000018,3.17,0,2,200
1462,284697,167.47666549682617,0.010000000000000009,3.43,0,1,200
1463,284897,169.05333358049393,0.010000000000000009,3.17,0,1,200
1464,285097,165.81500032916665,0.03500000000000003,3.045,0,1,200
1465,285297,156.18333260715008,0.06000000000000005,3.53,0,3,200
1466,285497,161.98333296179771,0.03500000000000003,3.38,0,3,200
1467,285697,168.29499953985214,0.010000000000000009,3.315,0,0,200
1468,285897,166.0499992519617,0.020000000000000018,3.36,0,1,200
1469,286097,159.3016641587019,0.030000000000000027,3.835,0,1,200
1470,286297,164.03333194553852,0.020000000000000018,3.62,0,1,200
1471,286497,171.3533330783248,0.010000000000000009,3.11,0,0,200
1472,286697,173.5966670513153,0.0,3.04,0,0,200
1473,286897,167.88833165168762,0.0050000000000000044,3.575,0,0,200
1474,287097,168.31833362579346,0.025000000000000022,2.975,0,1,200
1475,287297,169.9049994945526,0.0050000000000000044,3.315,0,0,200
1476,287497,162.05999847501516,0.04500000000000004,3.42,0,0,200
1477,287697,162.10333197563887,0.040000000000000036,3.41,0,1,200
1478,287897,166.8433312922716,0.020000000000000018,3.41,0,0,200
1479,288097,161.751664981246,0.030000000000000027,3.685,0,2,200
1480,288297,170.99000018835068,0.0050000000000000044,3.12,0,1,200
1481,288497,163.45499850809574,0.03500000000000003,3.375,0,1,200
1482,288697,166.00499773025513,0.010000000000000009,3.675,0,1,200
1483,288897,168.575000628829,0.010000000000000009,3.435,0,0,200
1484,289097,173.69333402067423,0.010000000000000009,2.84,0,0,200
1485,289297,155.70666375756264,0.05500000000000005,3.76,0,2,200
1486,289497,168.98500045388937,0.015000000000000013,3.105,0,1,200
1487,289697,165.6950000077486,0.025000000000000022,3.075,0,4,200
1488,289897,171.0716670975089,0.015000000000000013,2.995,0,0,200
1489,290097,162.8783319145441,0.030000000000000027,3.515,0,0,200
1490,290297,161.06166391074657,0.025000000000000022,3.775,0,3,200
1491,290497,170.90499970316887,0.0,3.285,0,1,200
1492,290697,164.3966655433178,0.015000000000000013,3.76,0,0,200
1493,290897,171.3049996495247,0.0050000000000000044,3.165,0,1,200
1494,291097,167.57166589796543,0.025000000000000022,3.235,0,0,200
1495,291297,173.80000114440918,0.0,3.0,0,0,200
1496,291497,159.79166561365128,0.03500000000000003,3.745,0,2,200
1497,291697,164.68499793112278,0.025000000000000022,3.585,0,0,200
1498,291897,169.51666642725468,0.0050000000000000044,3.31,0,2,200
1499,292097,168.75499972701073,0.015000000000000013,3.225,0,1,200
1500,292297,166.50166518986225,0.015000000000000013,3.535,0,0,200
1501,292497,164.2033343911171,0.040000000000000036,3.2,0,1,200
1502,292697,170.02666755765676,0.015000000000000013,2.98,0,2,200
1503,292897,164.6333311498165,0.020000000000000018,3.68,0,0,200
1504,293097,170.88833248615265,0.0,3.365,0,0,200
1505,293297,161.489997074008,0.030000000000000027,3.78,0,1,200
1506,293497,173.21833354234695,0.0,3.065,0,1,200
1507,293697,169.70333305746317,0.010000000000000009,3.2,0,0,200
1508,293897,160.97000002115965,0.050000000000000044,3.12,0,3,200
1509,294097,163.6633337289095,0.04500000000000004,3.11,0,0,200
1510,294297,168.68666645139456,0.010000000000000009,3.1,0,5,200
1511,294497,167.90499953180552,0.015000000000000013,3.255,0,1,200
1512,294697,169.410000577569,0.020000000000000018,3.0,0,1,200
1513,294897,163.80333280563354,0.030000000000000027,3.38,0,1,200
1514,295097,156.8416656255722,0.06499999999999995,3.445,0,1,200
1515,295297,167.4933325946331,0.015000000000000013,3.32,0,1,200
1516,295497,159.74333211034536,0.05500000000000005,3.35,0,1,200
1517,295697,155.5650007724762,0.04500000000000004,4.005,0,2,200
1518,295897,168.3933326601982,0.015000000000000013,3.29,0,1,200
1519,296097,168.938332259655,0.010000000000000009,3.305,0,2,200
1520,296297,163.17166617512703,0.040000000000000036,3.265,0,1,200
1521,296497,163.13833048939705,0.010000000000000009,3.875,0,3,200
1522,296697,161.01333333551884,0.025000000000000022,3.95,0,1,200
1523,296897,162.05999941378832,0.040000000000000036,3.39,0,1,200
1524,297097,164.00166329741478,0.0050000000000000044,3.985,0,1,200
1525,297297,160.10333279520273,0.03500000000000003,3.8,0,1,200
1526,297497,162.00333262979984,0.03500000000000003,3.26,0,5,200
1527,297697,162.71666333079338,0.020000000000000018,3.94,0,0,200
1528,297897,162.37999983131886,0.020000000000000018,3.69,0,2,200
1529,298097,169.87333220243454,0.0050000000000000044,3.41,0,0,200
1530,298297,169.02666786313057,0.020000000000000018,2.89,0,3,200
1531,298497,168.334999024868,0.010000000000000009,3.375,0,1,200
1532,298697,169.31500045210123,0.025000000000000022,2.925,0,0,200
1533,298897,161.04333253204823,0.030000000000000027,3.65,0,2,200
1534,299097,163.95499821007252,0.015000000000000013,3.825,0,1,200
1535,299297,167.21499909460545,0.015000000000000013,3.345,0,2,200
1536,299497,177.74833530187607,0.0,2.555,0,1,200
1537,299697,170.92333330214024,0.010000000000000009,3.14,0,0,200
1538,299897,160.70499841868877,0.040000000000000036,3.675,0,0,200
