timestep,episode_return_mean
4096,-19.41809895833333
8195,-0.5947777777777773
12294,14.855243902439023
16390,21.93814393939393
20487,28.236395348837203
24583,25.544166666666655
28679,27.8231111111111
32776,33.74341269841269
36872,33.976477272727266
40968,31.355037878787854
45065,36.6919379844961
49162,36.386124031007725
53259,34.335193798449595
57357,39.818571428571396
61453,38.737803030303006
65549,40.191401515151476
69647,38.680992063492035
73744,41.28480620155036
77841,39.51949612403098
81939,40.02440476190474
86036,38.69782945736432
90133,43.08585271317828
94230,41.638527131782915
98328,42.62571428571425
102425,42.16437984496121
106521,41.13136363636361
110619,44.35210317460315
114716,43.611589147286786
118812,42.9272727272727
122911,44.36191056910567
127007,45.54314393939393
131104,43.022596899224794
135203,42.2352032520325
139299,44.88371212121209
143396,44.92538759689919
147495,43.95349593495933
151591,48.282196969696955
155688,47.742248062015484
159787,50.31219512195122
163883,44.82920454545454
167980,48.995038759689926
172079,48.835284552845536
176175,46.999204545454546
180272,46.969496124031
184371,48.70394308943088
188467,46.39416666666664
192564,47.04236434108525
196662,49.46392857142856
200758,48.92356060606058
204856,50.087420634920626
208954,48.26996124031009
213050,50.98162790697673
217148,48.21662698412697
221245,53.841279069767445
225342,52.485542635658916
229440,50.65305555555555
233537,46.93790697674417
237634,49.212170542635654
241732,51.99388888888888
245829,51.573488372093024
249926,50.84038759689921
254024,50.66559523809524
258121,50.36298449612405
262218,49.24116279069766
266316,48.92055555555556
270413,48.357248062015486
274510,53.423759689922484
278608,50.44718253968254
282705,50.18085271317828
286802,51.456550387596884
290900,51.38440476190476
294997,52.17631782945736
299094,53.70236434108526
303192,52.644365079365066
307289,50.581744186046485
311386,51.88344961240309
315484,52.92507936507937
319581,51.20709302325584
323678,49.794015151515154
327776,53.64516260162601
331872,49.314659090909075
335969,52.42453488372093
340068,51.908536585365844
344164,52.33844696969696
348261,49.574341085271314
352360,49.640365853658544
356456,54.109242424242446
360553,51.69089147286822
364652,51.38215447154471
368748,50.0794696969697
372845,53.613488372093
376944,50.23910569105691
381040,53.199545454545465
385137,53.200426356589155
389236,55.46878048780492
393332,52.98628787878787
397429,49.281627906976745
401528,50.800487804878045
