Environment,Comparison,A Mean,B Mean,Diff,CI Low,CI High,Seeds (A/B),Seed Test,p Seed,p Episode,p Seed (Holm),p Episode (Holm),"Significant (both, 0.05)"
Trace,PPO vs A2C,65.1768,62.1266,3.0502,0.6082,5.985,5/5,Welch t,0.0895,0.0,0.8954,0.0,False
Trace,PPO vs DQN,65.1768,64.9389,0.2379,-0.3622,0.7344,5/5,Welch t,0.2559,0.0028,1.0,0.025,False
Trace,PPO vs QLearning,65.1768,65.4376,-0.2608,-1.6156,1.57,5/5,Welch t,0.7849,0.757,1.0,1.0,False
Trace,PPO vs RLlib PPO,65.1768,59.2625,5.9143,4.0445,8.1811,5/5,Welch t,0.0,0.0,0.0,0.0,True
Trace,PPO vs Tuned Threshold,65.1768,64.9849,0.1919,-0.2749,0.6136,5/1,1-sample t,0.3255,0.066,1.0,0.3957,False
Trace,PPO vs Tuned HPA+Heal,65.1768,63.9903,1.1865,0.5169,1.7688,5/1,1-sample t,0.0023,0.0,0.0388,0.0001,True
TraceFaults,PPO vs A2C,53.6702,52.6299,1.0402,0.1307,1.8698,5/5,Welch t,0.0123,0.0,0.1715,0.0001,False
TraceFaults,PPO vs DQN,53.6702,47.9992,5.6709,0.2648,15.5998,5/5,Welch t,0.2927,0.0,1.0,0.0,False
TraceFaults,PPO vs QLearning,53.6702,35.5482,18.122,13.1315,24.3357,5/5,Welch t,0.0031,0.0,0.0499,0.0,True
TraceFaults,PPO vs RLlib PPO,53.6702,51.1113,2.5588,1.2567,3.9692,5/5,Welch t,0.0052,0.0,0.0773,0.0,False
TraceFaults,PPO vs Tuned Threshold,53.6702,54.1632,-0.493,-1.5005,0.4331,5/1,1-sample t,0.0701,0.2082,0.7715,0.8329,False
TraceFaults,PPO vs Tuned HPA+Heal,53.6702,53.2317,0.4385,-0.5416,1.463,5/1,1-sample t,0.0945,0.6376,0.8954,1.0,False
TraceFaults,MA separate+comm vs MA separate,50.4155,50.037,0.3785,-0.9687,2.0267,5/5,Welch t,0.6057,0.5337,1.0,1.0,False
TraceFaults,MA shared+comm vs MA shared,48.9706,49.318,-0.3473,-1.9359,1.2778,5/5,Welch t,0.6534,0.1024,1.0,0.5121,False
TraceFaults,MA shared+comm vs MA separate+comm,48.9706,50.4155,-1.4448,-3.0129,-0.1055,5/5,Welch t,0.0435,0.0001,0.5222,0.0006,False
TraceFaults,MA shared vs MA separate,49.318,50.037,-0.719,-2.616,1.1433,5/5,Welch t,0.4189,0.0404,1.0,0.2831,False
TraceFaults,MA separate+comm vs RLlib PPO,50.4155,51.1113,-0.6959,-1.9595,0.5181,5/5,Welch t,0.2729,0.0239,1.0,0.1911,False
TraceFaults,MA shared+comm vs RLlib PPO,48.9706,51.1113,-2.1407,-3.9255,-0.6395,5/5,Welch t,0.0178,0.0,0.2311,0.0,False
TraceFaults,MA separate+comm vs Tuned HPA+Heal,50.4155,53.2317,-2.8162,-4.0671,-1.6254,5/1,1-sample t,0.0004,0.0,0.0076,0.0001,True
TraceFaults,MA shared+comm vs Tuned HPA+Heal,48.9706,53.2317,-4.261,-5.9983,-2.7963,5/1,1-sample t,0.0011,0.0,0.0192,0.0,True
