Environment,Comparison,PPO Mean,Other Mean,Diff,CI Low,CI High,Seeds (PPO/Other),Seed Test,p Seed,p Episode,p Seed (Holm),p Episode (Holm),"Significant (both, 0.05)"
Low,PPO vs A2C,169.1709,168.1886,0.9823,0.2913,1.636,5/5,Welch t,0.0322,0.0,0.6125,0.0,False
Low,PPO vs DQN,169.1709,169.2045,-0.0336,-0.4057,0.3726,5/5,Welch t,0.8387,0.8933,1.0,1.0,False
Low,PPO vs QLearning,169.1709,162.3712,6.7997,4.3135,9.4836,5/5,Welch t,0.0097,0.0,0.2137,0.0,False
Low,PPO vs Tuned Threshold,169.1709,169.0111,0.1598,-0.3545,0.6843,5/1,1-sample t,0.3352,0.5635,1.0,1.0,False
Low,PPO vs Tuned HPA+Heal,169.1709,169.5604,-0.3895,-0.8371,0.05,5/1,1-sample t,0.056,0.0207,0.7795,0.248,False
Low,PPO vs HPA+Heal,169.1709,166.8301,2.3408,1.6871,2.9918,5/1,1-sample t,0.0001,0.0,0.0033,0.0,True
High,PPO vs A2C,118.0953,116.4382,1.6571,0.5446,2.8576,5/5,Welch t,0.0356,0.0,0.6125,0.0,False
High,PPO vs DQN,118.0953,115.5549,2.5404,1.4444,3.7186,5/5,Welch t,0.0028,0.0,0.0717,0.0,False
High,PPO vs QLearning,118.0953,104.3874,13.7079,11.9814,15.347,5/5,Welch t,0.0,0.0,0.0001,0.0,True
High,PPO vs Tuned Threshold,118.0953,117.7865,0.3088,-0.5041,1.1133,5/1,1-sample t,0.4219,0.2609,1.0,1.0,False
High,PPO vs Tuned HPA+Heal,118.0953,118.08,0.0153,-0.8104,0.7892,5/1,1-sample t,0.9668,0.7413,1.0,1.0,False
High,PPO vs HPA+Heal,118.0953,111.2322,6.863,5.8747,7.8326,5/1,1-sample t,0.0,0.0,0.0014,0.0,True
Bursty,PPO vs A2C,115.5423,113.9551,1.5872,0.7446,2.537,5/5,Welch t,0.0113,0.0,0.238,0.0,False
Bursty,PPO vs DQN,115.5423,111.8482,3.6941,2.3545,4.9617,5/5,Welch t,0.0025,0.0,0.0704,0.0,False
Bursty,PPO vs QLearning,115.5423,98.6482,16.8941,13.2079,20.9837,5/5,Welch t,0.0004,0.0,0.0133,0.0,True
Bursty,PPO vs Tuned Threshold,115.5423,112.5706,2.9717,2.0191,3.8805,5/1,1-sample t,0.0003,0.0,0.0093,0.0,True
Bursty,PPO vs Tuned HPA+Heal,115.5423,112.7062,2.8361,1.9008,3.7582,5/1,1-sample t,0.0003,0.0,0.0108,0.0,True
Bursty,PPO vs HPA+Heal,115.5423,100.9016,14.6407,13.4126,15.8516,5/1,1-sample t,0.0,0.0,0.0,0.0,True
MemLeak,PPO vs A2C,149.7402,147.8623,1.878,-0.9092,5.1769,5/5,Welch t,0.1964,0.1856,1.0,1.0,False
MemLeak,PPO vs DQN,149.7402,147.7047,2.0355,-0.6078,4.6363,5/5,Welch t,0.1429,0.0,1.0,0.0,False
MemLeak,PPO vs QLearning,149.7402,139.4572,10.283,6.8048,13.914,5/5,Welch t,0.0028,0.0,0.0717,0.0,False
MemLeak,PPO vs Tuned Threshold,149.7402,150.6137,-0.8734,-3.0533,0.529,5/1,1-sample t,0.3077,0.1303,1.0,1.0,False
MemLeak,PPO vs Tuned HPA+Heal,149.7402,150.1361,-0.3958,-2.4236,0.9823,5/1,1-sample t,0.6246,0.7912,1.0,1.0,False
MemLeak,PPO vs HPA+Heal,149.7402,144.6703,5.0699,2.9787,6.551,5/1,1-sample t,0.0025,0.0,0.0704,0.0,False
ErrorBurst,PPO vs A2C,144.2527,143.7024,0.5502,-0.3815,1.4382,5/5,Welch t,0.2947,0.0005,1.0,0.006,False
ErrorBurst,PPO vs DQN,144.2527,143.3666,0.8861,0.1824,1.5916,5/5,Welch t,0.0337,0.0,0.6125,0.0,False
ErrorBurst,PPO vs QLearning,144.2527,131.8783,12.3744,9.2731,16.4334,5/5,Welch t,0.0038,0.0,0.0882,0.0,False
ErrorBurst,PPO vs Tuned Threshold,144.2527,145.0394,-0.7867,-1.4603,-0.1372,5/1,1-sample t,0.052,0.0002,0.7795,0.0031,False
ErrorBurst,PPO vs Tuned HPA+Heal,144.2527,144.676,-0.4233,-1.0977,0.2271,5/1,1-sample t,0.2146,0.0894,1.0,0.8047,False
ErrorBurst,PPO vs HPA+Heal,144.2527,139.9061,4.3465,3.4537,5.2248,5/1,1-sample t,0.0001,0.0,0.004,0.0,True
Surge,PPO vs A2C,120.3346,118.8897,1.4448,0.3702,2.6337,5/5,Welch t,0.0383,0.0,0.6132,0.0,False
Surge,PPO vs DQN,120.3346,117.9017,2.4329,1.3959,3.5558,5/5,Welch t,0.0013,0.0,0.04,0.0,True
Surge,PPO vs QLearning,120.3346,105.3977,14.9368,11.8245,18.292,5/5,Welch t,0.0006,0.0,0.0206,0.0,True
Surge,PPO vs Tuned Threshold,120.3346,119.3052,1.0294,0.0143,2.1731,5/1,1-sample t,0.0525,0.0363,0.7795,0.3627,False
Surge,PPO vs Tuned HPA+Heal,120.3346,117.8946,2.44,1.4535,3.5378,5/1,1-sample t,0.0029,0.0,0.0717,0.0,False
Surge,PPO vs HPA+Heal,120.3346,112.5806,7.754,6.576,8.9084,5/1,1-sample t,0.0,0.0,0.0013,0.0,True
Mixed,PPO vs A2C,107.2704,104.8914,2.3789,-0.584,5.3347,5/5,Welch t,0.1609,0.0,1.0,0.0002,False
Mixed,PPO vs DQN,107.2704,100.3975,6.8728,3.94,10.2618,5/5,Welch t,0.0023,0.0,0.0704,0.0,False
Mixed,PPO vs QLearning,107.2704,85.1368,22.1335,15.4943,29.1773,5/5,Welch t,0.0024,0.0,0.0704,0.0,False
Mixed,PPO vs Tuned Threshold,107.2704,105.4078,1.8626,-0.2243,3.8527,5/1,1-sample t,0.0126,0.0314,0.2528,0.345,False
Mixed,PPO vs Tuned HPA+Heal,107.2704,106.3221,0.9482,-1.1459,3.0504,5/1,1-sample t,0.0938,0.1477,1.0,1.0,False
Mixed,PPO vs HPA+Heal,107.2704,98.0816,9.1888,6.8835,11.4473,5/1,1-sample t,0.0,0.0,0.0012,0.0,True
